Substrate,Protein,Enzyme,Temperature,pH,Time,Volume,Base
30,99,3,56.5,10.02,0,0,1.92956
30,99,3,56.7,10.01,5,0,1.92956
30,99,3,56.5,9.96,10,0,1.92956
30,99,3,56.2,9.94,15,0.366215815,1.92956
30,99,3,56,9.94,20,0.88149795,1.92956
30,99,3,56,9.94,25,1.44479664,1.92956
30,99,3,55.9,9.93,30,1.990178705,1.92956
30,99,3,55.9,9.92,35,2.689643745,1.92956
30,99,3,55.9,9.93,40,3.406308745,1.92956
30,99,3,55.9,9.93,45,4.122973745,1.92956
30,99,3,55.9,9.94,50,4.803805495,1.92956
30,99,3,55.8,9.94,55,5.42228739,1.92956
30,99,3,55.9,9.94,60,6.083769185,1.92956
30,99,3,55.9,9.94,65,6.691501105,1.92956
30,99,3,55.8,9.95,70,7.36301621,1.92956
30,99,3,55.8,9.95,75,7.95068151,1.92956
30,99,3,55.8,9.96,80,8.483163605,1.92956
30,99,3,55.9,9.96,85,8.98124578,1.92956
30,99,3,55.8,9.95,90,9.459978,1.92956
30,99,3,55.8,9.96,95,10.01467671,1.92956
30,99,3,55.8,9.96,100,10.58084206,1.92956
30,99,3,55.8,9.97,105,11.04309099,1.92956
30,99,3,55.8,9.98,110,11.48527329,1.92956
30,99,3,55.8,9.97,115,11.83357248,1.92956
30,99,3,55.8,9.97,120,12.22988823,1.92956
30,99,3,55.8,9.99,125,12.69858714,1.92956
30,99,3,55.8,9.98,130,13.11066951,1.92956
30,99,3,55.8,9.99,135,13.42241879,1.92956
30,99,3,55.8,9.98,140,13.72341809,1.92956
30,99,3,55.8,9.98,145,14.04161735,1.92956
30,99,3,55.8,9.97,150,14.41571648,1.92956
30,99,3,55.8,9.98,155,14.84356548,1.92956
30,99,3,55.8,9.98,160,15.25636452,1.92956
30,99,3,55.8,10,165,15.60538038,1.92956
30,99,3,55.8,10,170,15.8834464,1.92956
30,99,3,55.8,9.99,175,16.10776254,1.92956
30,99,3,55.8,9.98,180,16.39012855,1.92956
30,99,3,55.8,9.99,185,16.73126109,1.92956
30,99,3,55.8,10,190,17.04372703,1.92956
30,99,3,55.8,10,195,17.24869322,1.92956
30,99,3,55.8,10,200,17.41137618,1.92956
30,99,3,55.8,9.99,205,17.63712565,1.92956
30,99,3,55.8,9.99,210,17.89369172,1.92956
30,99,3,55.8,10,215,18.18752437,1.92956
30,99,3,55.8,10,220,18.4491071,1.92956
30,99,3,55.8,10,225,18.61752337,1.92956
30,99,3,55.9,10,230,18.76730636,1.92956
30,99,3,55.9,10,235,18.95578925,1.92956
30,99,3,55.9,9.99,240,19.17437208,1.92956
30,99,3,55.9,10,245,19.42663816,1.92956
30,99,3,55.9,10.01,250,19.6222877,1.92956
30,99,3,55.9,10,255,19.74842074,1.92956
30,99,3,55.9,10,260,19.91253703,1.92956
30,99,3,55.9,10,265,20.10030326,1.92956
30,99,3,55.9,10,270,20.3124361,1.92956
30,99,3,55.9,10,275,20.55466887,1.92956
30,99,3,55.9,10.01,280,20.75533507,1.92956
30,99,3,55.9,10.01,285,20.86211815,1.92956
30,99,3,55.9,10,290,20.99541784,1.92956
30,99,3,55.9,10,295,21.16096746,1.92956
30,99,3,55.9,10,300,21.35016702,1.92956
30,99,3,55.9,10.01,305,21.56946651,1.92956
30,99,3,55.9,10.02,310,21.76153273,1.92956
30,99,3,55.9,10.01,315,21.76941604,1.92956
30,99,3,55.9,10.01,320,21.84466587,1.92956
30,99,3,56,10,325,21.97868222,1.92956
30,99,3,56,10,330,22.1306152,1.92956
30,99,3,56,10.01,335,22.31838143,1.92956
30,99,3,56,10.01,340,22.50901432,1.92956
30,99,3,56,10.01,345,22.59358079,1.92956
30,99,3,56,10.01,350,22.67671393,1.92956
30,99,3,56,10.01,355,22.78564701,1.92956
30,99,3,56,10,360,22.90246341,1.92956
30,99,3,56,10.01,365,23.05726305,1.92956
30,99,3,56,10.02,370,23.1912794,1.92956
30,99,3,56,10.01,375,23.23929596,1.92956
30,99,3,56,10.01,380,23.30379581,1.92956
30,99,3,56,10.01,385,23.39767892,1.92956
30,99,3,56,10.01,390,23.51162866,1.92956
30,99,3,56,10.02,395,23.64851167,1.92956
30,99,3,56,10.02,400,23.76102808,1.92956
30,99,3,56,10.01,405,23.80474464,1.92956
30,99,3,56,10.01,410,23.85921118,1.92956
30,99,3,56,10.01,415,23.95166097,1.92956
30,99,3,56.1,10.01,420,24.05486073,1.92956
30,99,3,56.1,10.03,425,24.18099377,1.92956
30,99,3,56,10.02,430,24.225427,1.92956
30,99,3,56.1,10.01,435,24.23402698,1.92956
30,99,3,56,10.01,440,24.28921018,1.92956
30,99,3,56,10.01,445,24.37879331,1.92956
30,99,3,56.1,10,450,24.48270973,1.92956
30,99,3,56.1,10.03,455,24.61887608,1.92956
30,99,3,56.1,10.02,460,24.61887608,1.92956
30,99,3,56.1,10.01,465,24.61887608,1.92956
30,99,3,56.1,10.01,470,24.67047596,1.92956
30,99,3,56.1,10,475,24.76364241,1.92956
30,99,3,56.1,10,480,24.86469218,1.92956
30,99,3,56,10.01,485,24.99225855,1.92956
30,99,3,56.1,10.02,490,25.05604173,1.92956
30,99,3,56.1,10.01,495,25.06392505,1.92956
30,99,3,56.1,10.01,500,25.0976083,1.92956
30,99,3,56.1,10.01,505,25.15995816,1.92956
30,99,3,56.1,10,510,25.25455794,1.92956
30,99,3,56.1,10.01,515,25.37280766,1.92956
30,99,3,56.1,10.01,520,25.44232417,1.92956
30,99,3,56.1,10.01,525,25.47099077,1.92956
30,99,3,56.1,10.01,530,25.51900732,1.92956
30,99,3,56.1,10.01,535,25.57204053,1.92956
30,99,3,56,10.01,540,25.64800702,1.92956
30,99,3,56.1,10.01,545,25.74690679,1.92956
30,99,3,56.1,10.01,550,25.83648992,1.92956
30,99,3,56,10.01,555,25.89167312,1.92956
30,99,3,56.1,10.01,560,25.9576063,1.92956
30,99,3,56.1,10,565,26.03787278,1.92956
30,99,3,56,10,570,26.15110585,1.92956
30,99,3,56.1,10.01,575,26.30877215,1.92956
30,99,3,56.1,10.01,580,26.42773854,1.92956
30,99,3,56.1,10.01,585,26.46715512,1.92956
30,99,3,56.1,10.01,590,26.50872169,1.92956
30,99,3,56.1,10.01,595,26.55530491,1.92956
30,99,3,56,10.01,600,26.61263811,1.92956
30,99,3,56.1,10.01,605,26.68430461,1.92956
30,99,3,56.1,10.01,610,26.75525445,1.92956
30,99,3,56.1,10.01,615,26.79753768,1.92956
30,99,3,56,10.01,620,26.8484209,1.92956
30,99,3,56,10,625,26.93155404,1.92956
30,99,3,56.1,10,630,27.02257049,1.92956
30,99,3,56.1,10.01,635,27.14082022,1.92956
30,99,3,56.1,10.02,640,27.21320338,1.92956
30,99,3,56,10.01,645,27.21320338,1.92956
30,99,3,56.1,10.01,650,27.25906994,1.92956
30,99,3,56,10,655,27.32500312,1.92956
30,99,3,56,10,660,27.40240294,1.92956
30,99,3,56,10.01,665,27.49700272,1.92956
30,99,3,56.1,10.01,670,27.53140264,1.92956
30,99,3,56.1,10.01,675,27.57655254,1.92956
30,99,3,56.1,10,680,27.64821904,1.92956
30,99,3,56.1,10,685,27.73421884,1.92956
30,99,3,56,10,690,27.82595196,1.92956
30,99,3,56.1,10.01,695,27.949935,1.92956
30,99,3,56.1,10.01,700,27.949935,1.92956
30,99,3,56.1,10.01,705,27.97286828,1.92956
30,99,3,56,10.01,710,28.01873484,1.92956
30,99,3,56.1,10,715,28.08466802,1.92956
30,99,3,56.1,10,720,28.15633452,1.92956
30,99,3,56.1,10.02,725,28.24591765,1.92956
30,99,3,56.1,10.01,730,28.29250087,1.92956
30,99,3,56,10.01,735,28.32618413,1.92956
30,99,3,56.1,10,740,28.379934,1.92956
30,99,3,56,10,745,28.45088384,1.92956
30,99,3,56,10,750,28.51538369,1.92956
30,99,3,56,10.02,755,28.6092668,1.92956
30,99,3,56,10.01,760,28.6092668,1.92956
30,99,3,56,10.01,765,28.65011671,1.92956
30,99,3,56,10.01,770,28.68666662,1.92956
30,99,3,56,10,775,28.73754984,1.92956
30,99,3,56,10,780,28.81494966,1.92956
30,99,3,56,10.01,785,28.91313276,1.92956
30,99,3,56.1,10.01,790,28.94466602,1.92956
30,99,3,56,10.01,795,28.96903263,1.92956
30,99,3,56.1,10,800,29.00486588,1.92956
30,99,3,56,10,805,29.06721574,1.92956
30,99,3,56,10,810,29.14103223,1.92956
30,99,3,56,10.01,815,29.22631537,1.92956
30,99,3,56,10.01,820,29.27504859,1.92956
30,99,3,56,10.01,825,29.31088184,1.92956
30,99,3,56,10,830,29.34313176,1.92956
30,99,3,56.1,10,835,29.40189829,1.92956
30,99,3,56,10,840,29.46568148,1.92956
30,99,3,56.1,10.01,845,29.54451463,1.92956
30,99,3,56,10.01,850,29.60184783,1.92956
30,99,3,56,10.01,855,29.6434144,1.92956
30,99,3,56,10,860,29.69358095,1.92956
30,99,3,56,10,865,29.7580808,1.92956
30,99,3,56,10,870,29.81899732,1.92956
30,99,3,56,10.01,875,29.9157471,1.92956
30,99,3,56,10.01,880,29.96448032,1.92956
30,99,3,56,10.01,885,29.98813026,1.92956
30,99,3,56,10,890,30.03184683,1.92956
30,99,3,56.1,10,895,30.08989669,1.92956
30,99,3,56,10,900,30.15654654,1.92956
30,99,3,56,10.01,905,30.23824635,1.92956
30,99,3,56,10.01,910,30.2862629,1.92956
30,99,3,56,10.01,915,30.30919618,1.92956
30,99,3,56,10.01,920,30.34932942,1.92956
30,99,3,56,10,925,30.38301268,1.92956
30,99,3,56,10,930,30.42529591,1.92956
30,99,3,56,10.01,935,30.49051243,1.92956
30,99,3,56,10,940,30.5012624,1.92956
30,99,3,56,10,945,30.55357895,1.92956
30,99,3,56,10,950,30.61736213,1.92956
30,99,3,56,10,955,30.69547862,1.92956
30,99,3,56,10,960,30.78291175,1.92956
30,99,3,56,10.01,965,30.8882615,1.92956
30,99,3,56,10.01,970,30.94272804,1.92956
30,99,3,56,10.01,975,30.95706134,1.92956
30,99,3,56,10.01,980,30.98214462,1.92956
30,99,3,56,10,985,31.02227786,1.92956
30,99,3,56,10,990,31.0767444,1.92956
30,99,3,56,10.01,995,31.1340776,1.92956
30,99,3,56,10.01,1000,31.1340776,1.92956
30,99,3,56,10.01,1005,31.16847752,1.92956
30,99,3,56,10,1010,31.21434408,1.92956
30,99,3,56,10,1015,31.27239394,1.92956
30,99,3,56,10,1020,31.3325938,1.92956
30,99,3,56,10,1025,31.40497697,1.92956
30,99,3,56,10,1030,31.46517683,1.92956
30,99,3,56,10,1035,31.5189267,1.92956
30,99,3,56,10,1040,31.58127656,1.92956
30,99,3,56,10,1045,31.64362641,1.92956
30,99,3,56,10,1050,31.72102623,1.92956
30,99,3,56,10.01,1055,31.78624275,1.92956
30,99,3,56,10.01,1060,31.8485926,1.92956
30,99,3,56,10,1065,31.86794256,1.92956
30,99,3,56,10,1070,31.91667578,1.92956
30,99,3,56,10,1075,31.97400898,1.92956
30,99,3,56,10,1080,32.05570879,1.92956
30,99,3,56,10.01,1085,32.14027526,1.92956
30,99,3,56,10.01,1090,32.20047512,1.92956
30,99,3,56,10,1095,32.22985838,1.92956
30,99,3,56,10,1100,32.26497497,1.92956
30,99,3,56,10,1105,32.31442485,1.92956
30,99,3,56,10,1110,32.38179136,1.92956
30,99,3,56,10.01,1115,32.43984123,1.92956
30,99,3,56,10.01,1120,32.43984123,1.92956
30,99,3,56,10,1125,32.46994116,1.92956
30,99,3,56,10,1130,32.51724105,1.92956
30,99,3,56,10,1135,32.58532422,1.92956
30,99,3,56,10,1140,32.64480742,1.92956
30,99,3,56,10,1145,32.68852398,1.92956
30,99,3,56,10.01,1150,32.74442385,1.92956
30,99,3,56,10,1155,32.76950713,1.92956
30,99,3,56,10,1160,32.80319038,1.92956
30,99,3,56,10,1165,32.84547362,1.92956
30,99,3,56,10,1170,32.90567348,1.92956
30,99,3,56,10.01,1175,32.97232332,1.92956
30,99,3,56,10.01,1180,33.03252318,1.92956
30,99,3,56,10,1185,33.04972314,1.92956
30,99,3,56,10,1190,33.09057305,1.92956
30,99,3,56,10,1195,33.13428961,1.92956
30,99,3,56,10,1200,33.19233948,1.92956
30,99,3,56,10,1205,33.26257265,1.92956
30,99,3,56,10,1210,33.30270589,1.92956
30,99,3,56,10,1215,33.34570579,1.92956
30,99,3,56,10,1220,33.38798902,1.92956
30,99,3,56,10,1225,33.43887224,1.92956
30,99,3,56,10,1230,33.49548877,1.92956
30,99,3,56,10.01,1235,33.57360526,1.92956
30,99,3,56,10.01,1240,33.5972552,1.92956
30,99,3,56.1,10,1245,33.61732182,1.92956
30,99,3,56,10,1250,33.64312176,1.92956
30,99,3,56,10,1255,33.68038834,1.92956
30,99,3,56,10,1260,33.72338824,1.92956
30,99,3,56,10.01,1265,33.77785478,1.92956
30,99,3,56,10,1270,33.78717143,1.92956
30,99,3,56,10,1275,33.81082137,1.92956
30,99,3,56,10,1280,33.82802133,1.92956
30,99,3,56,10,1285,33.8717379,1.92956
30,99,3,56,10,1290,33.92405444,1.92956
30,99,3,56.1,10.01,1295,33.98855429,1.92956
30,99,3,56.1,10,1300,33.9985876,1.92956
30,99,3,56,10,1305,34.02940419,1.92956
30,99,3,56,10,1310,34.05663747,1.92956
30,99,3,56.1,10,1315,34.09247072,1.92956
30,99,3,56,10,1320,34.13117063,1.92956
30,99,3,56.1,10,1325,34.16628721,1.92956
30,99,3,56,10,1330,34.19208715,1.92956
30,99,3,56,10,1335,34.23222039,1.92956
30,99,3,56,10,1340,34.2874036,1.92956
30,99,3,56.1,10,1345,34.35763677,1.92956
30,99,3,56,10,1350,34.42500328,1.92956
30,99,3,56,10,1355,34.46226986,1.92956
30,99,3,56.1,10.01,1360,34.48090314,1.92956
30,99,3,56,10,1365,34.49308645,1.92956
30,99,3,56,10,1370,34.53823635,1.92956
30,99,3,56,10,1375,34.5862529,1.92956
30,99,3,56,10,1380,34.63713611,1.92956
30,99,3,56,10,1385,34.67296937,1.92956
30,99,3,56,10,1390,34.69661931,1.92956
30,99,3,56,10,1395,34.72241925,1.92956
30,99,3,56,10,1400,34.76613581,1.92956
30,99,3,56.1,10,1405,34.8155857,1.92956
30,99,3,56,10,1410,34.87148557,1.92956
30,99,3,56,10,1415,34.92738544,1.92956
30,99,3,56,10,1420,34.9589187,1.92956
30,99,3,56,10,1425,34.98400197,1.92956
30,99,3,56.1,10,1430,35.0327352,1.92956
30,99,3,56,10,1435,35.08433507,1.92956
30,99,3,56.1,10,1440,35.14238494,1.92956
30,99,3,56.1,10,1445,35.19111816,1.92956
30,99,3,56.1,10,1450,35.21548477,1.92956
30,99,3,56.1,10,1455,35.25490135,1.92956
30,99,3,56.1,10,1460,35.3029179,1.92956
30,99,3,56,10,1465,35.35380111,1.92956
30,99,3,56,10,1470,35.41328431,1.92956
30,99,3,56,10,1475,35.44911756,1.92956
30,99,3,56,10,1480,35.46918418,1.92956
30,99,3,56,10,1485,35.50430076,1.92956
30,99,3,56,10,1490,35.54515067,1.92956
30,99,3,56,10,1495,35.59746721,1.92956
30,99,3,56.1,10,1500,35.64978376,1.92956
30,99,3,56.1,10,1505,35.67845036,1.92956
30,99,3,56.1,10,1510,35.70353363,1.92956
30,99,3,56,10,1515,35.73148357,1.92956
30,99,3,56.1,10,1520,35.76516682,1.92956
30,99,3,56,10,1525,35.81031672,1.92956
30,99,3,56.1,10,1530,35.8619166,1.92956
30,99,3,56,10,1535,35.8740999,1.92956
30,99,3,56.1,10,1540,35.89488319,1.92956
30,99,3,56,10,1545,35.92426645,1.92956
30,99,3,56.1,10,1550,35.95651638,1.92956
30,99,3,56.1,10,1555,36.00023294,1.92956
30,99,3,56.1,10,1560,36.05326615,1.92956
30,99,3,56.1,10,1565,36.07548277,1.92956
30,99,3,56,10,1570,36.0912494,1.92956
30,99,3,56.1,10,1575,36.11919933,1.92956
30,99,3,56.1,10,1580,36.15574925,1.92956
30,99,3,56.1,10,1585,36.19803248,1.92956
30,99,3,56.1,10,1590,36.21953243,1.92956
30,99,3,56.1,10,1595,36.24031572,1.92956
30,99,3,56,10,1600,36.25178236,1.92956
30,99,3,56,10,1605,36.27471564,1.92956
30,99,3,56.1,10,1610,36.3062489,1.92956
30,99,3,56.1,10,1615,36.34996546,1.92956
30,99,3,56.1,10,1620,36.39941535,1.92956
30,99,3,56.1,10,1625,36.41876531,1.92956
30,99,3,56.1,10,1630,36.44671524,1.92956
30,99,3,56.1,10,1635,36.47394851,1.92956
30,99,3,56.1,10,1640,36.51049843,1.92956
30,99,3,56.1,10,1645,36.56138164,1.92956
30,99,3,56.1,10.01,1650,36.60366488,1.92956
30,99,3,56.1,10,1655,36.60366488,1.92956
30,99,3,56,10,1660,36.61799818,1.92956
30,99,3,56.1,10,1665,36.6380648,1.92956
30,99,3,56.1,10,1670,36.6667314,1.92956
30,99,3,56.1,10,1675,36.70686464,1.92956
30,99,3,56.1,10,1680,36.73481457,1.92956
30,99,3,56.1,10,1685,36.75703119,1.92956
30,99,3,56.1,10,1690,36.7813978,1.92956
30,99,3,56.1,10,1695,36.81149773,1.92956
30,99,3,56.1,10,1700,36.84804764,1.92956
30,99,3,56.1,10.01,1705,36.89033088,1.92956
30,99,3,56.1,10,1710,36.89033088,1.92956
30,99,3,56,10,1715,36.91613082,1.92956
30,99,3,56.1,10,1720,36.92688079,1.92956
30,99,3,56.1,10,1725,36.95554739,1.92956
30,99,3,56.1,10,1730,36.99926396,1.92956
30,99,3,56.1,10,1735,37.04871384,1.92956
30,99,3,56.1,10,1740,37.06161381,1.92956
30,99,3,56,10,1745,37.08311376,1.92956
30,99,3,56.1,10,1750,37.11034703,1.92956
30,99,3,56.1,10,1755,37.14976361,1.92956
30,99,3,56.1,10,1760,37.1827302,1.92956
30,99,3,56.1,10,1765,37.20709681,1.92956
30,99,3,56.1,10,1770,37.23433008,1.92956
30,99,3,56,10,1775,37.25511336,1.92956
30,99,3,56.1,10,1780,37.28162997,1.92956
30,99,3,56.1,10,1785,37.32319654,1.92956
30,99,3,56.1,10,1790,37.35831312,1.92956
30,99,3,56.1,10,1795,37.37551308,1.92956
30,99,3,56,10,1800,37.39844636,1.92956
30,99,3,56.1,10,1805,37.43069629,1.92956
30,99,3,56.1,10,1810,37.46867953,1.92956
30,99,3,56.1,10,1815,37.50379612,1.92956
30,99,3,56,10,1820,37.55682933,1.92956
30,99,3,56.1,10,1825,37.56471264,1.92956
30,99,3,56.1,10,1830,37.58764592,1.92956
30,99,3,56,10,1835,37.62204584,1.92956
30,99,3,56.1,10,1840,37.65931242,1.92956
30,99,3,56,10,1845,37.69371234,1.92956
30,99,3,56,10,1850,37.73671224,1.92956
30,99,3,56,10,1855,37.75892886,1.92956
30,99,3,56,10,1860,37.77182883,1.92956
30,99,3,56,10,1865,37.7969121,1.92956
30,99,3,56,10,1870,37.82127871,1.92956
30,99,3,56,10,1875,37.87001193,1.92956
30,99,3,56,10,1880,37.91874515,1.92956
30,99,3,56.1,10,1885,37.92232848,1.92956
30,99,3,56,10,1890,37.93737844,1.92956
30,99,3,56,10,1895,37.95242841,1.92956
30,99,3,56,10,1900,37.97607835,1.92956
30,99,3,56.1,10,1905,37.99686164,1.92956
30,99,3,56,10,1910,38.02337824,1.92956
30,99,3,56,10,1915,38.04917818,1.92956
30,99,3,56,10,1920,38.07497812,1.92956
30,99,3,56,10,1925,38.10077806,1.92956
30,99,3,56,10,1930,38.13517798,1.92956
30,99,3,56,10,1935,38.17602789,1.92956
30,99,3,56,10,1940,38.21974445,1.92956
30,99,3,56,10,1945,38.23622775,1.92956
30,99,3,56,10,1950,38.26489435,1.92956
30,99,3,56,10,1955,38.29929427,1.92956
30,99,3,56,10,1960,38.33942751,1.92956
30,99,3,56,10,1965,38.37669409,1.92956
30,99,3,56,10,1970,38.42614397,1.92956
30,99,3,56,10,1975,38.43617728,1.92956
30,99,3,56,10,1980,38.44907725,1.92956
30,99,3,56,10,1985,38.45552724,1.92956
30,99,3,56,10,1990,38.46197722,1.92956
30,99,3,56,10,1995,38.46197722,1.92956
30,99,3,56,10,2000,38.47917718,1.92956
30,99,3,56,10,2005,38.4870605,1.92956
30,99,3,56,10,2010,38.50999378,1.92956
30,99,3,56,10,2015,38.53579372,1.92956
30,99,3,56,10,2020,38.56446032,1.92956
30,99,3,56,10,2025,38.59886024,1.92956
30,99,3,56,10,2030,38.62466018,1.92956
30,99,3,56,10,2035,38.64401013,1.92956
30,99,3,56,10,2040,38.67196007,1.92956
30,99,3,56,10,2045,38.70635999,1.92956
30,99,3,56,10,2050,38.74075991,1.92956
30,99,3,56,10,2055,38.7715765,1.92956
30,99,3,56,10,2060,38.77515983,1.92956
30,99,3,56,10,2065,38.78160981,1.92956
30,99,3,56,10,2070,38.80597642,1.92956
30,99,3,56,10,2075,38.82389305,1.92956
30,99,3,56,10,2080,38.84467633,1.92956
30,99,3,56,10,2085,38.88050958,1.92956
30,99,3,56,10,2090,38.88982623,1.92956
30,99,3,56,10,2095,38.90774285,1.92956
30,99,3,56,10,2100,38.92494281,1.92956
30,99,3,56,10,2105,38.94214277,1.92956
30,99,3,56,10,2110,38.96507605,1.92956
30,99,3,56,10,2115,38.99732598,1.92956
30,99,3,56,10,2120,38.99732598,1.92956
30,99,3,56,10,2125,39.00449263,1.92956
30,99,3,56,10,2130,39.00520929,1.92956
30,99,3,56,10,2135,39.02670924,1.92956
30,99,3,56,10,2140,39.05465918,1.92956
30,99,3,56,10,2145,39.09120909,1.92956
30,99,3,56,10,2150,39.12489235,1.92956
30,99,3,56,10,2155,39.17362557,1.92956
30,99,3,56,10,2160,39.20730882,1.92956
30,99,3,56,10,2165,39.26249203,1.92956
30,99,3,56,10,2170,39.31480857,1.92956
30,99,3,56,10,2175,39.38002509,1.92956
30,99,3,56,10,2180,39.39435839,1.92956
30,99,3,56,10,2185,39.42589165,1.92956
30,99,3,56,10,2190,39.44595827,1.92956
30,99,3,56,10,2195,39.47175821,1.92956
30,99,3,56,10,2200,39.50974145,1.92956
30,99,3,56,10,2205,39.56277466,1.92956
30,99,3,56,10,2210,39.57352464,1.92956
30,99,3,56,10,2215,39.59000793,1.92956
30,99,3,56,10,2220,39.60362457,1.92956
30,99,3,56,10,2225,39.63229117,1.92956
30,99,3,56,10,2230,39.64877446,1.92956
30,99,3,56,10,2235,39.65880777,1.92956
30,99,3,56,10,2240,39.66884108,1.92956
30,99,3,56,10,2245,39.69392436,1.92956
30,99,3,56,10,2250,39.72187429,1.92956
30,99,3,56,10,2255,39.76487419,1.92956
30,99,3,56,10,2260,39.80787409,1.92956
30,99,3,56,10,2265,39.85087399,1.92956
30,99,3,56,10,2270,39.87595727,1.92956
30,99,3,56,10,2275,39.9039072,1.92956
30,99,3,56,10,2280,39.9347238,1.92956
30,99,3,56,10,2285,39.95694041,1.92956
30,99,3,56,10,2290,39.99062367,1.92956
30,99,3,56,10,2295,40.00997362,1.92956
30,99,3,56,10,2300,40.03219024,1.92956
30,99,3,56,10,2305,40.05082353,1.92956
30,99,3,56,10,2310,40.07877346,1.92956
30,99,3,56,10,2315,40.11245672,1.92956
30,99,3,56,10,2320,40.15258996,1.92956
30,99,3,56,10,2325,40.16262327,1.92956
30,99,3,56,10,2330,40.16907325,1.92956
30,99,3,56,10,2335,40.1783899,1.92956
30,99,3,56,10,2340,40.19630652,1.92956
30,99,3,56,10,2345,40.21422315,1.92956
30,99,3,56,10,2350,40.22927311,1.92956
30,99,3,56,10,2355,40.2500564,1.92956
30,99,3,56,10,2360,40.2643897,1.92956
30,99,3,56,10,2365,40.278723,1.92956
30,99,3,56,10,2370,40.29878962,1.92956
30,99,3,56,10,2375,40.32530622,1.92956
30,99,3,56,10,2380,40.3604228,1.92956
30,99,3,56,10,2385,40.38693941,1.92956
30,99,3,56,10,2390,40.38908941,1.92956
30,99,3,56,10,2395,40.41202268,1.92956
30,99,3,56,10,2400,40.43495596,1.92956
30,99,3,56,10,2405,40.44570594,1.92956
30,99,3,56,10,2410,40.47150588,1.92956
30,99,3,56,10,2415,40.48512251,1.92956
30,99,3,56,10,2420,40.49515582,1.92956
30,99,3,56,10,2425,40.51092245,1.92956
30,99,3,56,10,2430,40.53027241,1.92956
30,99,3,56,10,2435,40.55535568,1.92956
30,99,3,56,10,2440,40.5775723,1.92956
30,99,3,56,10,2445,40.59047227,1.92956
30,99,3,56,10,2450,40.59692225,1.92956
30,99,3,56,10,2455,40.60910556,1.92956
30,99,3,56,10,2460,40.62415552,1.92956
30,99,3,56,10,2465,40.63920549,1.92956
30,99,3,56,10,2470,40.65712212,1.92956
30,99,3,56,10,2475,40.66858876,1.92956
30,99,3,56,10,2480,40.68937204,1.92956
30,99,3,56,10,2485,40.69797202,1.92956
30,99,3,56,10,2490,40.71517198,1.92956
30,99,3,56,10,2495,40.73882193,1.92956
30,99,3,56,10,2500,40.77393851,1.92956
30,99,3,56,10,2505,40.77608851,1.92956
30,99,3,56,10,2510,40.78397182,1.92956
30,99,3,56,10,2515,40.8069051,1.92956
30,99,3,56,10,2520,40.82983838,1.92956
30,99,3,56,10,2525,40.86137164,1.92956
30,99,3,56,10,2530,40.89003824,1.92956
30,99,3,56,10,2535,40.89433823,1.92956
30,99,3,56,10,2540,40.90150488,1.92956
30,99,3,56,10,2545,40.90867153,1.92956
30,99,3,56,10,2550,40.9215715,1.92956
30,99,3,56,10,2555,40.94307145,1.92956
30,99,3,56,10,2560,40.9645714,1.92956
30,99,3,56,10,2565,40.9645714,1.92956
30,99,3,56,10,2570,40.97675471,1.92956
30,99,3,56,10,2575,40.98893801,1.92956
30,99,3,56,10,2580,41.00040465,1.92956
30,99,3,56,10,2585,41.0240546,1.92956
30,99,3,56,10,2590,41.0505712,1.92956
30,99,3,56,10,2595,41.05917118,1.92956
30,99,3,56,10,2600,41.06777116,1.92956
30,99,3,56,10,2605,41.08210446,1.92956
30,99,3,56,10,2610,41.10217108,1.92956
30,99,3,56,10,2615,41.12797102,1.92956
30,99,3,56,10,2620,41.14517098,1.92956
30,99,3,56,10,2625,41.14732098,1.92956
30,99,3,56,10,2630,41.15807095,1.92956
30,99,3,56,10,2635,41.1652376,1.92956
30,99,3,56,10,2640,41.1817209,1.92956
30,99,3,56,10,2645,41.18888755,1.92956
30,99,3,56,10,2650,41.20465418,1.92956
30,99,3,56,10,2655,41.2082375,1.92956
30,99,3,56,10,2660,41.22687079,1.92956
30,99,3,56,10,2665,41.23618744,1.92956
30,99,3,56,10,2670,41.25482073,1.92956
30,99,3,56,10,2675,41.28277066,1.92956
30,99,3,56,10,2680,41.29208731,1.92956
30,99,3,56,10,2685,41.30140395,1.92956
30,99,3,56,10,2690,41.30785394,1.92956
30,99,3,56,10,2695,41.3229039,1.92956
30,99,3,56,10,2700,41.33795387,1.92956
30,99,3,56,10,2705,41.34727051,1.92956
30,99,3,56,10,2710,41.35587049,1.92956
30,99,3,56,10,2715,41.36447047,1.92956
30,99,3,56,10,2720,41.3823871,1.92956
30,99,3,56,10,2725,41.40317038,1.92956
30,99,3,56,10,2730,41.42682033,1.92956
30,99,3,56,10,2735,41.46265358,1.92956
30,99,3,56,10,2740,41.47770354,1.92956
30,99,3,56,10,2745,41.49848683,1.92956
30,99,3,56,10,2750,41.51927011,1.92956
30,99,3,56,10,2755,41.53432008,1.92956
30,99,3,56,10,2760,41.56083668,1.92956
30,99,3,56,10,2765,41.58735329,1.92956
30,99,3,56,10,2770,41.59595327,1.92956
30,99,3,56,10,2775,41.61386989,1.92956
30,99,3,56,10,2780,41.63465318,1.92956
30,99,3,56,10,2785,41.64611982,1.92956
30,99,3,56,10,2790,41.66045312,1.92956
30,99,3,56,10,2795,41.67550308,1.92956
30,99,3,56,10,2800,41.68983638,1.92956
30,99,3,56,10,2805,41.71348633,1.92956
30,99,3,56,10,2810,41.73426961,1.92956
30,99,3,56,10,2815,41.75218624,1.92956
30,99,3,56,10,2820,41.78801949,1.92956
30,99,3,56,10,2825,41.81166943,1.92956
30,99,3,56,10,2830,41.83818604,1.92956
30,99,3,56,10,2835,41.86828597,1.92956
30,99,3,56,10,2840,41.90125256,1.92956
30,99,3,56,10,2845,41.93135249,1.92956
30,99,3,56,10,2850,41.97650238,1.92956
30,99,3,56,10,2855,41.98581903,1.92956
30,99,3,56,10,2860,41.98581903,1.92956
30,99,3,56,10,2865,41.98581903,1.92956
30,99,3,56,10,2870,41.99083568,1.92956
30,99,3,56,10,2875,41.998719,1.92956
30,99,3,56,10,2880,42.0130523,1.92956
30,99,3,56,10,2885,42.03025226,1.92956
30,99,3,56,10,2890,42.04386889,1.92956
30,99,3,56,10,2895,42.06966883,1.92956
30,99,3,56,10,2900,42.10191876,1.92956
30,99,3,56,10,2905,42.13130202,1.92956
30,99,3,56,10,2910,42.1542353,1.92956
30,99,3,56,10,2915,42.18003524,1.92956
30,99,3,56,10,2920,42.20941851,1.92956
30,99,3,56,10,2925,42.23593511,1.92956
30,99,3,56,10,2930,42.2710517,1.92956
30,99,3,56,10,2935,42.30975161,1.92956
30,99,3,56,10,2940,42.31548493,1.92956
30,99,3,56,10,2945,42.32981822,1.92956
30,99,3,56,10,2950,42.34128486,1.92956
30,99,3,56,10,2955,42.35561816,1.92956
30,99,3,56,10,2960,42.37281812,1.92956
30,99,3,56,10,2965,42.40793471,1.92956
30,99,3,56,10,2970,42.41366803,1.92956
30,99,3,56,10,2975,42.42513467,1.92956
30,99,3,56,10,2980,42.44233463,1.92956
30,99,3,56,10,2985,42.46598457,1.92956
30,99,3,56,10,2990,42.4982345,1.92956
30,99,3,56,10,2995,42.5125678,1.92956
30,99,3,56,10,3000,42.5125678,1.92956
30,99,3,56,10,3005,42.52045111,1.92956
30,99,3,56,10,3010,42.53406775,1.92956
30,99,3,56,10,3015,42.55700103,1.92956
30,99,3,56,10,3020,42.58280097,1.92956
30,99,3,56,10,3025,42.61146757,1.92956
30,99,3,56,10,3030,42.61935088,1.92956
30,99,3,56,10,3035,42.62078421,1.92956
30,99,3,56,10,3040,42.63440085,1.92956
30,99,3,56,10,3045,42.64515082,1.92956
30,99,3,56,10,3050,42.65876746,1.92956
30,99,3,56,10,3055,42.67811741,1.92956
30,99,3,56,10,3060,42.69460071,1.92956
30,99,3,56,10,3065,42.70821734,1.92956
30,99,3,56,10,3070,42.73043396,1.92956
30,99,3,56,10,3075,42.73473395,1.92956
30,99,3,56,10,3080,42.7540839,1.92956
30,99,3,56,10,3085,42.75551723,1.92956
30,99,3,56,10,3090,42.75910056,1.92956
30,99,3,56,10,3095,42.75981722,1.92956
30,99,3,56,10,3100,42.78776716,1.92956
30,99,3,56,10,3105,42.81571709,1.92956
30,99,3,56,10,3110,42.84653369,1.92956
30,99,3,56,10,3115,42.856567,1.92956
30,99,3,56,10,3120,42.87233363,1.92956
30,99,3,56,10,3125,42.89096692,1.92956
30,99,3,56,10,3130,42.90386689,1.92956
30,99,3,56,10,3135,42.93181682,1.92956
30,99,3,56,10,3140,42.94471679,1.92956
30,99,3,56,10,3145,42.94471679,1.92956
30,99,3,56,10,3150,42.95976676,1.92956
30,99,3,56,10,3155,42.97195006,1.92956
30,99,3,56,10,3160,42.98126671,1.92956
30,99,3,56,10,3165,43.00563332,1.92956
30,99,3,56,10,3170,43.02068328,1.92956
30,99,3,56,10,3175,43.02068328,1.92956
30,99,3,56,10,3180,43.02068328,1.92956
30,99,3,56,10,3185,43.02068328,1.92956
30,99,3,56,10,3190,43.02928326,1.92956
30,99,3,56,10,3195,43.05293321,1.92956
30,99,3,56,10,3200,43.06439985,1.92956
30,99,3,56,10,3205,43.07586649,1.92956
30,99,3,56,10,3210,43.09306645,1.92956
30,99,3,56,10,3215,43.11313307,1.92956
30,99,3,56,10,3220,43.11814972,1.92956
30,99,3,56,10,3225,43.14179967,1.92956
30,99,3,56,10,3230,43.15326631,1.92956
30,99,3,56,10,3235,43.15828296,1.92956
30,99,3,56,10,3240,43.16616628,1.92956
30,99,3,56,10,3245,43.16616628,1.92956
30,99,3,55.9,10,3250,43.1862329,1.92956
30,99,3,56,10,3255,43.2027162,1.92956
30,99,3,56,10,3260,43.2027162,1.92956
30,99,3,56,10,3265,43.20988285,1.92956
30,99,3,55.9,10,3270,43.22349948,1.92956
30,99,3,56,10,3275,43.24284944,1.92956
30,99,3,56,10,3280,43.26506605,1.92956
30,99,3,56,10,3285,43.26649938,1.92956
30,99,3,56,10,3290,43.26721604,1.92956
30,99,3,56,10,3295,43.2743827,1.92956
30,99,3,56,10,3300,43.27509936,1.92956
30,99,3,55.9,10,3305,43.28154935,1.92956
30,99,3,56,10,3310,43.30663262,1.92956
30,99,3,56,10,3315,43.32526591,1.92956
30,99,3,56,10,3320,43.34103254,1.92956
30,99,3,56,10,3325,43.3417492,1.92956
30,99,3,56,10,3330,43.34246587,1.92956
30,99,3,56,10,3335,43.36683248,1.92956
30,99,3,55.9,10,3340,43.37973245,1.92956
30,99,3,56,10,3345,43.4012324,1.92956
30,99,3,56,10,3350,43.4012324,1.92956
30,99,3,56,10,3355,43.4012324,1.92956
30,99,3,56,10,3360,43.41054904,1.92956
30,99,3,56,10,3365,43.4134157,1.92956
30,99,3,56,10,3370,43.41914902,1.92956
30,99,3,56,10,3375,43.41914902,1.92956
30,99,3,56,10,3380,43.42488234,1.92956
30,99,3,56,10,3385,43.427749,1.92956
30,99,3,56,10,3390,43.429899,1.92956
30,99,3,56,10,3395,43.43849898,1.92956
30,99,3,56,10,3400,43.45283228,1.92956
30,99,3,56,10,3405,43.45498227,1.92956
30,99,3,56,10,3410,43.45498227,1.92956
30,99,3,56,10,3415,43.46286559,1.92956
30,99,3,56,10,3420,43.47648222,1.92956
30,99,3,56,10,3425,43.48436554,1.92956
30,99,3,56,10,3430,43.50443216,1.92956
30,99,3,56,10,3435,43.50944881,1.92956
30,99,3,56,10,3440,43.51446547,1.92956
30,99,3,56,10,3445,43.52521545,1.92956
30,99,3,56,10,3450,43.53883208,1.92956
30,99,3,56,10,3455,43.55244871,1.92956
30,99,3,56,10,3460,43.55244871,1.92956
30,99,3,56,10,3465,43.5567487,1.92956
30,99,3,56,10,3470,43.56104869,1.92956
30,99,3,56,10,3475,43.57394866,1.92956
30,99,3,56,10,3480,43.58111531,1.92956
30,99,3,56,10,3485,43.60046527,1.92956
30,99,3,56,10,3490,43.6162319,1.92956
30,99,3,56,10,3495,43.64131518,1.92956
30,99,3,56,10,3500,43.66066513,1.92956
30,99,3,56,10,3505,43.68933173,1.92956
30,99,3,56,10,3510,43.70294837,1.92956
30,99,3,56,10,3515,43.73448163,1.92956
30,99,3,56,10,3520,43.73663162,1.92956
30,99,3,56,10,3525,43.75024826,1.92956
30,99,3,56,10,3530,43.75813157,1.92956
30,99,3,56,10,3535,43.78393151,1.92956
30,99,3,56,10,3540,43.81259811,1.92956
30,99,3,56,10,3545,43.82334809,1.92956
30,99,3,56,10,3550,43.82549808,1.92956
30,99,3,56,10,3555,43.82979807,1.92956
30,99,3,56,10,3560,43.82979807,1.92956
30,99,3,56,10,3565,43.83409806,1.92956
30,99,3,56,10,3570,43.84126471,1.92956
30,99,3,56,10,3575,43.85129802,1.92956
30,99,3,56,10,3580,43.85129802,1.92956
30,99,3,56,10,3585,43.85129802,1.92956
30,99,3,56,10,3590,43.86419799,1.92956
30,99,3,56,10,3595,43.87064798,1.92956
30,99,3,56,10,3600,43.89214793,1.92956
30,99,3,56,10,3605,43.92009786,1.92956
30,99,3,56,10,3610,43.93013117,1.92956
30,99,3,56,10,3615,43.94016448,1.92956
30,99,3,56,10,3620,43.95879777,1.92956
30,99,3,56,10,3625,43.9745644,1.92956
30,99,3,56,10,3630,43.98173105,1.92956
30,99,3,56,10,3635,44.01613097,1.92956
30,99,3,56,10,3640,44.01684764,1.92956
30,99,3,56,10,3645,44.01684764,1.92956
30,99,3,56,10,3650,44.03261427,1.92956
30,99,3,56,10,3655,44.04264758,1.92956
30,99,3,56,10,3660,44.06128087,1.92956
30,99,3,56,10,3665,44.07991416,1.92956
30,99,3,56,10,3670,44.08349748,1.92956
30,99,3,56,10,3675,44.09353079,1.92956
30,99,3,56,10,3680,44.09711412,1.92956
30,99,3,56,10,3685,44.11933073,1.92956
30,99,3,56,10,3690,44.14154734,1.92956
30,99,3,56,10,3695,44.15158065,1.92956
30,99,3,56,10,3700,44.15158065,1.92956
30,99,3,56,10,3705,44.1587473,1.92956
30,99,3,56,10,3710,44.17738059,1.92956
30,99,3,56,10,3715,44.19959721,1.92956
30,99,3,56,10,3720,44.21894716,1.92956
30,99,3,56,10,3725,44.22611381,1.92956
30,99,3,56,10,3730,44.22683048,1.92956
30,99,3,56,10,3735,44.23973045,1.92956
30,99,3,56,10,3740,44.24331377,1.92956
30,99,3,56,10,3745,44.2590804,1.92956
30,99,3,56,10,3750,44.26624706,1.92956
30,99,3,56,10,3755,44.27341371,1.92956
30,99,3,56,10,3760,44.27986369,1.92956
30,99,3,56,10,3765,44.28918034,1.92956
30,99,3,56,10,3770,44.29276366,1.92956
30,99,3,56,10,3775,44.30853029,1.92956
30,99,3,56,10,3780,44.32716358,1.92956
30,99,3,56,10,3785,44.33361357,1.92956
30,99,3,56,10,3790,44.3493802,1.92956
30,99,3,56,10,3795,44.37088015,1.92956
30,99,3,56,10,3800,44.38664678,1.92956
30,99,3,56,10,3805,44.41674671,1.92956
30,99,3,56,10,3810,44.42606335,1.92956
30,99,3,56,10,3815,44.42606335,1.92956
30,99,3,56,10,3820,44.43824666,1.92956
30,99,3,56,10,3825,44.44397998,1.92956
30,99,3,56,10,3830,44.44397998,1.92956
30,99,3,56,10,3835,44.46476326,1.92956
30,99,3,56,10,3840,44.46476326,1.92956
30,99,3,56,10,3845,44.46476326,1.92956
30,99,3,56,10,3850,44.47049658,1.92956
30,99,3,56,10,3855,44.47049658,1.92956
30,99,3,56,10,3860,44.48196322,1.92956
30,99,3,56,10,3865,44.49916318,1.92956
30,99,3,56,10,3870,44.51062982,1.92956
30,99,3,56,10,3875,44.52496312,1.92956
30,99,3,56,10,3880,44.54216308,1.92956
30,99,3,56,10,3885,44.55936304,1.92956
30,99,3,56,10,3890,44.57082968,1.92956
30,99,3,56,10,3895,44.58516298,1.92956
30,99,3,56,10,3900,44.59949628,1.92956
30,99,3,56,10,3905,44.60164628,1.92956
30,99,3,56,10,3910,44.61311292,1.92956
30,99,3,56,10,3915,44.61526291,1.92956
30,99,3,56,10,3920,44.62601289,1.92956
30,99,3,56,10,3925,44.64034619,1.92956
30,99,3,56,10,3930,44.6482295,1.92956
30,99,3,56,10,3935,44.65324616,1.92956
30,99,3,56,10,3940,44.65826281,1.92956
30,99,3,56,10,3945,44.67832943,1.92956
30,99,3,56,10,3950,44.69552939,1.92956
30,99,3,56,10,3955,44.70054605,1.92956
30,99,3,56,10,3960,44.7055627,1.92956
30,99,3,56,10,3965,44.71344602,1.92956
30,99,3,56,10,3970,44.73351264,1.92956
30,99,3,56,10,3975,44.7507126,1.92956
30,99,3,56,10,3980,44.7650459,1.92956
30,99,3,56,10,3985,44.78511252,1.92956
30,99,3,56,10,3990,44.78511252,1.92956
30,99,3,56,10,3995,44.78511252,1.92956
30,99,3,56,10,4000,44.78511252,1.92956
30,99,3,56,10,4005,44.79586249,1.92956
30,99,3,56,10,4010,44.80947913,1.92956
30,99,3,56,10,4015,44.82667909,1.92956
30,99,3,56,10,4020,44.84387905,1.92956
30,99,3,56,10,4025,44.85176236,1.92956
30,99,3,56,10,4030,44.86251234,1.92956
30,99,3,56,10,4035,44.8797123,1.92956
30,99,3,56,10,4040,44.89691226,1.92956
30,99,3,56,10,4045,44.91697888,1.92956
30,99,3,56,10,4050,44.92772885,1.92956
30,99,3,56,10,4055,44.94206215,1.92956
30,99,3,56,10,4060,44.95352879,1.92956
30,99,3,56,10,4065,44.96141211,1.92956
30,99,3,56,10,4070,44.97574541,1.92956
30,99,3,56,10,4075,44.99581203,1.92956
30,99,3,56,10,4080,44.99581203,1.92956
30,99,3,56,10,4085,45.00082868,1.92956
30,99,3,56,10,4090,45.00584534,1.92956
30,99,3,56,10,4095,45.00727867,1.92956
30,99,3,56,10,4100,45.01516198,1.92956
30,99,3,56,10,4105,45.01516198,1.92956
30,99,3,56,10,4110,45.02591196,1.92956
30,99,3,56,10,4115,45.03379527,1.92956
30,99,3,56,10,4120,45.04741191,1.92956
30,99,3,56,10,4125,45.06676186,1.92956
30,99,3,56,10,4130,45.08324516,1.92956
30,99,3,56,10,4135,45.08324516,1.92956
30,99,3,56,10,4140,45.08324516,1.92956
30,99,3,56,10,4145,45.08324516,1.92956
30,99,3,56,10,4150,45.08324516,1.92956
30,99,3,56,10,4155,45.08754515,1.92956
30,99,3,56,10,4160,45.09184514,1.92956
30,99,3,56,10,4165,45.09614513,1.92956
30,99,3,56,10,4170,45.09972845,1.92956
30,99,3,56,10,4175,45.10044512,1.92956
30,99,3,56,10,4180,45.11621175,1.92956
30,99,3,56,10,4185,45.13197838,1.92956
30,99,3,56,10,4190,45.14201169,1.92956
30,99,3,56,10,4195,45.14917834,1.92956
30,99,3,56,10,4200,45.15921165,1.92956
30,99,3,56,10,4205,45.15992831,1.92956
30,99,3,56,10,4210,45.16996162,1.92956
30,99,3,56,10,4215,45.17067829,1.92956
30,99,3,56,10,4220,45.18357826,1.92956
30,99,3,56,10,4225,45.18357826,1.92956
30,99,3,56,10,4230,45.18357826,1.92956
30,99,3,56,10,4235,45.18357826,1.92956
30,99,3,56,10,4240,45.18716158,1.92956
30,99,3,56,10,4245,45.18716158,1.92956
30,99,3,56,10,4250,45.19934489,1.92956
30,99,3,56,10,4255,45.20579487,1.92956
30,99,3,56,10,4260,45.21224486,1.92956
30,99,3,56,10,4265,45.22442816,1.92956
30,99,3,56,10,4270,45.24306145,1.92956
30,99,3,56,10,4275,45.25811142,1.92956
30,99,3,56,10,4280,45.27961137,1.92956
30,99,3,56,10,4285,45.27961137,1.92956
30,99,3,56,10,4290,45.27961137,1.92956
30,99,3,56,10,4295,45.27961137,1.92956
30,99,3,56,10,4300,45.28534469,1.92956
30,99,3,56,10,4305,45.29107801,1.92956
30,99,3,56,10,4310,45.29394467,1.92956
30,99,3,56,10,4315,45.29394467,1.92956
30,99,3,56,10,4320,45.29609466,1.92956
30,99,3,56,10,4325,45.29609466,1.92956
30,99,3,56,10,4330,45.31329462,1.92956
30,99,3,56,10,4335,45.31329462,1.92956
30,99,3,56,10,4340,45.32476126,1.92956
30,99,3,56,10,4345,45.34196122,1.92956
30,99,3,56,10,4350,45.35916118,1.92956
30,99,3,56,10,4355,45.38281113,1.92956
30,99,3,56,10,4360,45.39714443,1.92956
30,99,3,56,10,4365,45.41792771,1.92956
30,99,3,56,10,4370,45.43584434,1.92956
30,99,3,56,10,4375,45.43584434,1.92956
30,99,3,56,10,4380,45.4508943,1.92956
30,99,3,56,10,4385,45.45662762,1.92956
30,99,3,56,10,4390,45.46236094,1.92956
30,99,3,56,10,4395,45.47669424,1.92956
30,99,3,56,10,4400,45.49747753,1.92956
30,99,3,56,10,4405,45.50034419,1.92956
30,99,3,56,10,4410,45.50034419,1.92956
30,99,3,56,10,4415,45.50894417,1.92956
30,99,3,56,10,4420,45.50894417,1.92956
30,99,3,56,10,4425,45.52327746,1.92956
30,99,3,56,10,4430,45.52327746,1.92956
30,99,3,56,10,4435,45.53474411,1.92956
30,99,3,56,10,4440,45.5490774,1.92956
30,99,3,56,10,4445,45.56054405,1.92956
30,99,3,56,10,4450,45.58132733,1.92956
30,99,3,56,10,4455,45.5963773,1.92956
30,99,3,56,10,4460,45.61716058,1.92956
30,99,3,56,10,4465,45.61716058,1.92956
30,99,3,56,10,4470,45.62002724,1.92956
30,99,3,56,10,4475,45.62002724,1.92956
30,99,3,56,10,4480,45.62002724,1.92956
30,99,3,56,10,4485,45.62002724,1.92956
30,99,3,56,10,4490,45.63436054,1.92956
30,99,3,56,10,4495,45.63651054,1.92956
30,99,3,56,10,4500,45.63651054,1.92956
30,99,3,56,10,4505,45.64152719,1.92956
30,99,3,56,10,4510,45.65586049,1.92956
30,99,3,56,10,4515,45.66732713,1.92956
30,99,3,56,10,4520,45.68166043,1.92956
30,99,3,56,10,4525,45.68166043,1.92956
30,99,3,56,10,4530,45.68381043,1.92956
30,99,3,56,10,4535,45.6945604,1.92956
30,99,3,56,10,4540,45.6945604,1.92956
30,99,3,56,10,4545,45.70602704,1.92956
30,99,3,56,10,4550,45.70602704,1.92956
30,99,3,56,10,4555,45.70602704,1.92956
30,99,3,56,10,4560,45.70602704,1.92956
30,99,3,56,10,4565,45.70746037,1.92956
30,99,3,56,10,4570,45.71176036,1.92956
30,99,3,56,10,4575,45.71892701,1.92956
30,99,3,56,10,4580,45.723227,1.92956
30,99,3,56,10,4585,45.723227,1.92956
30,99,3,56,10,4590,45.72394367,1.92956
30,99,3,56,10,4595,45.7397103,1.92956
30,99,3,56,10,4600,45.74687695,1.92956
30,99,3,56,10,4605,45.75691026,1.92956
30,99,3,56,10,4610,45.76407691,1.92956
30,99,3,56,10,4615,45.77411022,1.92956
30,99,3,56,10,4620,45.79346017,1.92956
30,99,3,56,10,4625,45.79776016,1.92956
30,99,3,56,10,4630,45.8235601,1.92956
30,99,3,56,10,4635,45.8522267,1.92956
30,99,3,56,10,4640,45.86297668,1.92956
30,99,3,56,10,4645,45.86799333,1.92956
30,99,3,56,10,4650,45.88519329,1.92956
30,99,3,56,10,4655,45.89594327,1.92956
30,99,3,56,10,4660,45.91027657,1.92956
30,99,3,56,10,4665,45.92460987,1.92956
30,99,3,56,10,4670,45.93249318,1.92956
30,99,3,56,10,4675,45.93750984,1.92956
30,99,3,56,10,4680,45.94252649,1.92956
30,99,3,56,10,4685,45.95040981,1.92956
30,99,3,56,10,4690,45.96474311,1.92956
30,99,3,56,10,4695,45.97907641,1.92956
30,99,3,56,10,4700,45.99054305,1.92956
30,99,3,56,10,4705,46.01060967,1.92956
30,99,3,56,10,4710,46.02780963,1.92956
30,99,3,56,10,4715,46.04214293,1.92956
30,99,3,56,10,4720,46.06865953,1.92956
30,99,3,56,10,4725,46.06865953,1.92956
30,99,3,56,10,4730,46.06865953,1.92956
30,99,3,56,10,4735,46.07367618,1.92956
30,99,3,56,10,4740,46.07367618,1.92956
30,99,3,56,10,4745,46.07367618,1.92956
30,99,3,56,10,4750,46.07582618,1.92956
30,99,3,56,10,4755,46.07797618,1.92956
30,99,3,56,10,4760,46.07797618,1.92956
30,99,3,56,10,4765,46.07940951,1.92956
30,99,3,56,10,4770,46.08729282,1.92956
30,99,3,56,10,4775,46.09517614,1.92956
30,99,3,56,10,4780,46.10592611,1.92956
30,99,3,56,10,4785,46.11667609,1.92956
30,99,3,56,10,4790,46.12097608,1.92956
30,99,3,56,10,4795,46.12885939,1.92956
30,99,3,56,10,4800,46.13674271,1.92956
30,99,3,56,10,4805,46.153226,1.92956
30,99,3,56,10,4810,46.15824266,1.92956
30,99,3,56,10,4815,46.15824266,1.92956
30,99,3,56,10,4820,46.15824266,1.92956
30,99,3,56,10,4825,46.16254265,1.92956
30,99,3,56,10,4830,46.16254265,1.92956
30,99,3,56,10,4835,46.17329262,1.92956
30,99,3,56,10,4840,46.17759261,1.92956
30,99,3,56,10,4845,46.18547593,1.92956
30,99,3,56,10,4850,46.18547593,1.92956
30,99,3,56,10,4855,46.19909256,1.92956
30,99,3,56,10,4860,46.20984254,1.92956
30,99,3,56,10,4865,46.21127587,1.92956
30,99,3,56,10,4870,46.22775916,1.92956
30,99,3,56,10,4875,46.22775916,1.92956
30,99,3,56,10,4880,46.22775916,1.92956
30,99,3,56,10,4885,46.23205915,1.92956
30,99,3,56,10,4890,46.23635914,1.92956
30,99,3,56,10,4895,46.24065913,1.92956
30,99,3,56,10,4900,46.25427577,1.92956
30,99,3,56,10,4905,46.2557091,1.92956
30,99,3,56,10,4910,46.26932573,1.92956
30,99,3,56,10,4915,46.27075906,1.92956
30,99,3,56,10,4920,46.2843757,1.92956
30,99,3,56,10,4925,46.29512567,1.92956
30,99,3,56,10,4930,46.32092561,1.92956
30,99,3,56,10,4935,46.32092561,1.92956
30,99,3,56,10,4940,46.3252256,1.92956
30,99,3,56,10,4945,46.3252256,1.92956
30,99,3,56,10,4950,46.3252256,1.92956
30,99,3,56,10,4955,46.33239225,1.92956
30,99,3,56,10,4960,46.33239225,1.92956
30,99,3,56,10,4965,46.33239225,1.92956
30,99,3,56,10,4970,46.33239225,1.92956
30,99,3,56,10,4975,46.33239225,1.92956
30,99,3,56,10,4980,46.33239225,1.92956
30,99,3,56,10,4985,46.33239225,1.92956
30,99,3,56,10,4990,46.33239225,1.92956
30,99,3,56,10,4995,46.33239225,1.92956
30,99,3,56,10,5000,46.33239225,1.92956
30,99,3,56,10,5005,46.33239225,1.92956
30,99,3,56,10,5010,46.33239225,1.92956
30,99,3,56,10,5015,46.33239225,1.92956
30,99,3,56,10,5020,46.33239225,1.92956
30,99,3,56.1,10,5025,46.33239225,1.92956
30,99,3,56,10,5030,46.33382558,1.92956
30,99,3,56,10,5035,46.34672555,1.92956
30,99,3,56,10,5040,46.34815888,1.92956
30,99,3,56,10,5045,46.35819219,1.92956
30,99,3,56,10,5050,46.35962552,1.92956
30,99,3,56,10,5055,46.37324215,1.92956
30,99,3,56,10,5060,46.38399213,1.92956
30,99,3,56,10,5065,46.40979207,1.92956
30,99,3,56,10,5070,46.43272535,1.92956
30,99,3,56,10,5075,46.45279197,1.92956
30,99,3,56,10,5080,46.48575856,1.92956
30,99,3,56,10,5085,46.50080852,1.92956
30,99,3,56,10,5090,46.51585849,1.92956
30,99,3,56,10,5095,46.53664177,1.92956
30,99,3,56,10,5100,46.55814172,1.92956
30,99,3,56,10,5105,46.57964167,1.92956
30,99,3,56,10,5110,46.57964167,1.92956
30,99,3,56,10,5115,46.57964167,1.92956
30,99,3,56,10,5120,46.57964167,1.92956
30,99,3,56.1,10,5125,46.58250834,1.92956
30,99,3,56,10,5130,46.58824165,1.92956
30,99,3,56,10,5135,46.60042496,1.92956
30,99,3,56,10,5140,46.60329162,1.92956
30,99,3,56,10,5145,46.60329162,1.92956
30,99,3,56,10,5150,46.60615828,1.92956
30,99,3,56,10,5155,46.60830828,1.92956
30,99,3,56,10,5160,46.6140416,1.92956
30,99,3,56,10,5165,46.6140416,1.92956
30,99,3,56,10,5170,46.6140416,1.92956
30,99,3,56,10,5175,46.61905825,1.92956
30,99,3,56,10,5180,46.61905825,1.92956
30,99,3,56,10,5185,46.61905825,1.92956
30,99,3,56,10,5190,46.62335824,1.92956
30,99,3,56,10,5195,46.62765823,1.92956
30,99,3,56,10,5200,46.62909156,1.92956
30,99,3,56,10,5205,46.63625821,1.92956
30,99,3,56,10,5210,46.63769154,1.92956
30,99,3,56,10,5215,46.64844152,1.92956
30,99,3,56,10,5220,46.64987484,1.92956
30,99,3,56,10,5225,46.64987484,1.92956
30,99,3,56,10,5230,46.65130817,1.92956
30,99,3,56,10,5235,46.65130817,1.92956
30,99,3,56,10,5240,46.6527415,1.92956
30,99,3,56,10,5245,46.6527415,1.92956
30,99,3,56,10,5250,46.65417483,1.92956
30,99,3,56,10,5255,46.66420814,1.92956
30,99,3,56,10,5260,46.66420814,1.92956
30,99,3,56,10,5265,46.67782478,1.92956
30,99,3,56,10,5270,46.69430807,1.92956
30,99,3,56,10,5275,46.69430807,1.92956
30,99,3,56,10,5280,46.70147472,1.92956
30,99,3,56,10,5285,46.70147472,1.92956
30,99,3,56,10,5290,46.7122247,1.92956
30,99,3,56,10,5295,46.71939135,1.92956
30,99,3,56,10,5300,46.7387413,1.92956
30,99,3,56,10,5305,46.74662462,1.92956
30,99,3,56,10,5310,46.75450793,1.92956
30,99,3,56,10,5315,46.76239125,1.92956
30,99,3,56,10,5320,46.76239125,1.92956
30,99,3,56,10,5325,46.76454125,1.92956
30,99,3,56,10,5330,46.76669124,1.92956
30,99,3,56,10,5335,46.7717079,1.92956
30,99,3,56,10,5340,46.78245787,1.92956
30,99,3,56,10,5345,46.78245787,1.92956
30,99,3,56,10,5350,46.78245787,1.92956
30,99,3,56,10,5355,46.79034119,1.92956
30,99,3,56,10,5360,46.79249118,1.92956
30,99,3,56,10,5365,46.8003745,1.92956
30,99,3,56,10,5370,46.80825781,1.92956
30,99,3,56,10,5375,46.80825781,1.92956
30,99,3,56,10,5380,46.80825781,1.92956
30,99,3,56,10,5385,46.81040781,1.92956
30,99,3,56,10,5390,46.81542446,1.92956
30,99,3,56,10,5395,46.81542446,1.92956
30,99,3,56,10,5400,46.82617444,1.92956
30,99,3,56,10,5405,46.83692441,1.92956
30,99,3,56,10,5410,46.84194107,1.92956
30,99,3,56,10,5415,46.85627437,1.92956
30,99,3,56,10,5420,46.87634099,1.92956
30,99,3,56,10,5425,46.89354095,1.92956
30,99,3,56,10,5430,46.92292421,1.92956
30,99,3,56,10,5435,46.92292421,1.92956
30,99,3,56,10,5440,46.94084084,1.92956
30,99,3,56,10,5445,46.95230748,1.92956
30,99,3,56,10,5450,46.97595742,1.92956
30,99,3,56,10,5455,46.99745737,1.92956
30,99,3,56,10,5460,47.01609066,1.92956
30,99,3,56,10,5465,47.02254065,1.92956
30,99,3,56,10,5470,47.03185729,1.92956
30,99,3,56,10,5475,47.03830728,1.92956
30,99,3,56,10,5480,47.04475726,1.92956
30,99,3,56,10,5485,47.05694057,1.92956
30,99,3,56,10,5490,47.06625721,1.92956
30,99,3,56,10,5495,47.06625721,1.92956
30,99,3,56,10,5500,47.06912387,1.92956
30,99,3,56,10,5505,47.06912387,1.92956
30,99,3,56,10,5510,47.07772385,1.92956
30,99,3,56,10,5515,47.08345717,1.92956
30,99,3,56,10,5520,47.08345717,1.92956
30,99,3,56,10,5525,47.08345717,1.92956
30,99,3,56,10,5530,47.08345717,1.92956
30,99,3,56,10,5535,47.08560717,1.92956
30,99,3,56,10,5540,47.08775716,1.92956
30,99,3,56,10,5545,47.08775716,1.92956
30,99,3,56,10,5550,47.09277382,1.92956
30,99,3,56,10,5555,47.09492381,1.92956
30,99,3,56,10,5560,47.09492381,1.92956
30,99,3,56,10,5565,47.09492381,1.92956
30,99,3,56,10,5570,47.10280713,1.92956
30,99,3,56,10,5575,47.11069044,1.92956
30,99,3,56,10,5580,47.11212377,1.92956
30,99,3,56,10,5585,47.11212377,1.92956
30,99,3,56,10,5590,47.11212377,1.92956
30,99,3,56,10,5595,47.1135571,1.92956
30,99,3,56,10,5600,47.1135571,1.92956
30,99,3,56,10,5605,47.1135571,1.92956
30,99,3,56,10,5610,47.1135571,1.92956
30,99,3,56,10,5615,47.1135571,1.92956
30,99,3,56,10,5620,47.12000709,1.92956
30,99,3,56,10,5625,47.12000709,1.92956
30,99,3,56,10,5630,47.13577372,1.92956
30,99,3,56,10,5635,47.15154035,1.92956
30,99,3,56,10,5640,47.16730698,1.92956
30,99,3,56,10,5645,47.17734029,1.92956
30,99,3,55.9,10,5650,47.1873736,1.92956
30,99,3,56,10,5655,47.1873736,1.92956
30,99,3,56,10,5660,47.20959021,1.92956
30,99,3,56,10,5665,47.22894017,1.92956
30,99,3,56,10,5670,47.24542346,1.92956
30,99,3,56,10,5675,47.2712234,1.92956
30,99,3,56,10,5680,47.2877067,1.92956
30,99,3,56,10,5685,47.31063998,1.92956
30,99,3,56,10,5690,47.33357326,1.92956
30,99,3,56,10,5695,47.34790656,1.92956
30,99,3,56,10,5700,47.3715565,1.92956
30,99,3,56,10,5705,47.37728982,1.92956
30,99,3,56,10,5710,47.3858898,1.92956
30,99,3,56,10,5715,47.39162312,1.92956
30,99,3,56,10,5720,47.40308976,1.92956
30,99,3,56,10,5725,47.41813973,1.92956
30,99,3,56,10,5730,47.41813973,1.92956
30,99,3,56,10,5735,47.42100639,1.92956
30,99,3,56,10,5740,47.42387305,1.92956
30,99,3,56,10,5745,47.43247303,1.92956
30,99,3,56,10,5750,47.44107301,1.92956
30,99,3,56,10,5755,47.44967299,1.92956
30,99,3,56,10,5760,47.46400629,1.92956
30,99,3,56,10,5765,47.47547293,1.92956
30,99,3,56,10,5770,47.49052289,1.92956
30,99,3,56,10,5775,47.50557286,1.92956
30,99,3,56,10,5780,47.52062282,1.92956
30,99,3,56,10,5785,47.54498943,1.92956
30,99,3,56,10,5790,47.54785609,1.92956
30,99,3,56,10,5795,47.54785609,1.92956
30,99,3,56,10,5800,47.56577272,1.92956
30,99,3,56,10,5805,47.58082268,1.92956
30,99,3,56,10,5810,47.59300599,1.92956
30,99,3,56,10,5815,47.61450594,1.92956
30,99,3,56,10,5820,47.62668924,1.92956
30,99,3,56,10,5825,47.63600589,1.92956
30,99,3,56,10,5830,47.64532253,1.92956
30,99,3,56,10,5835,47.66395582,1.92956
30,99,3,56,10,5840,47.69190576,1.92956
30,99,3,56,10,5845,47.69190576,1.92956
30,99,3,56,10,5850,47.69190576,1.92956
30,99,3,56,10,5855,47.69548908,1.92956
30,99,3,56,10,5860,47.69620575,1.92956
30,99,3,56,10,5865,47.70265573,1.92956
30,99,3,56,10,5870,47.70265573,1.92956
30,99,3,56,10,5875,47.70265573,1.92956
30,99,3,56,10,5880,47.70265573,1.92956
30,99,3,56,10,5885,47.70265573,1.92956
30,99,3,56,10,5890,47.70265573,1.92956
30,99,3,56,10,5895,47.70265573,1.92956
30,99,3,56,10,5900,47.70552239,1.92956
30,99,3,56,10,5905,47.70552239,1.92956
30,99,3,56,10,5910,47.71125571,1.92956
30,99,3,56,10,5915,47.71698903,1.92956
30,99,3,56,10,5920,47.72558901,1.92956
30,99,3,56,10,5925,47.74350564,1.92956
30,99,3,56,10,5930,47.75497228,1.92956
30,99,3,56,10,5935,47.75783894,1.92956
30,99,3,56,10,5940,47.7607056,1.92956
30,99,3,56,10,5945,47.76930558,1.92956
30,99,3,56,10,5950,47.76930558,1.92956
30,99,3,56,10,5955,47.77790556,1.92956
30,99,3,56,10,5960,47.79868884,1.92956
30,99,3,56,10,5965,47.79868884,1.92956
30,99,3,56,10,5970,47.80728882,1.92956
30,99,3,56,10,5975,47.80728882,1.92956
30,99,3,56,10,5980,47.80943882,1.92956
30,99,3,56,10,5985,47.8180388,1.92956
30,99,3,56,10,5990,47.82950544,1.92956
30,99,3,56,10,5995,47.84097208,1.92956
30,99,3,56,10,6000,47.84312207,1.92956
30,99,3,56,10,6005,47.85458871,1.92956
30,99,3,56,10,6010,47.86892201,1.92956
30,99,3,56,10,6015,47.88038865,1.92956
30,99,3,56,10,6020,47.89543862,1.92956
30,99,3,56,10,6025,47.89543862,1.92956
30,99,3,56,10,6030,47.89543862,1.92956
30,99,3,56,10,6035,47.89543862,1.92956
30,99,3,56,10,6040,47.89543862,1.92956
30,99,3,56,10,6045,47.90045527,1.92956
30,99,3,56,10,6050,47.90045527,1.92956
30,99,3,56,10,6055,47.90045527,1.92956
30,99,3,56,10,6060,47.90045527,1.92956
30,99,3,56,10,6065,47.90045527,1.92956
30,99,3,56,10,6070,47.90833859,1.92956
30,99,3,56,10,6075,47.90833859,1.92956
30,99,3,56,10,6080,47.90833859,1.92956
30,99,3,56,10,6085,47.90977192,1.92956
30,99,3,56,10,6090,47.91765523,1.92956
30,99,3,56,10,6095,47.91908856,1.92956
30,99,3,56,10,6100,47.93557186,1.92956
30,99,3,56,10,6105,47.95277182,1.92956
30,99,3,56,10,6110,47.95492181,1.92956
30,99,3,56,10,6115,47.95707181,1.92956
30,99,3,56,10,6120,47.95707181,1.92956
30,99,3,56,10,6125,47.96495512,1.92956
30,99,3,56,10,6130,47.96638845,1.92956
30,99,3,56,10,6135,47.96782178,1.92956
30,99,3,56,10,6140,47.97283844,1.92956
30,99,3,56,10,6145,47.98358841,1.92956
30,99,3,56,10,6150,48.00007171,1.92956
30,99,3,56,10,6155,48.01368834,1.92956
30,99,3,56,10,6160,48.0308883,1.92956
30,99,3,56,10,6165,48.0308883,1.92956
30,99,3,56,10,6170,48.03877162,1.92956
30,99,3,56,10,6175,48.04378827,1.92956
30,99,3,56,10,6180,48.04378827,1.92956
30,99,3,56,10,6185,48.05167159,1.92956
30,99,3,56,10,6190,48.0595549,1.92956
30,99,3,56,10,6195,48.06457156,1.92956
30,99,3,56,10,6200,48.06958821,1.92956
30,99,3,56,10,6205,48.07173821,1.92956
30,99,3,56,10,6210,48.07675486,1.92956
30,99,3,56,10,6215,48.0882215,1.92956
30,99,3,56,10,6220,48.1025548,1.92956
30,99,3,56,10,6225,48.1025548,1.92956
30,99,3,56,10,6230,48.1025548,1.92956
30,99,3,56,10,6235,48.1025548,1.92956
30,99,3,56,10,6240,48.1025548,1.92956
30,99,3,56,10,6245,48.10757146,1.92956
30,99,3,56,10,6250,48.11545477,1.92956
30,99,3,56,10,6255,48.11760477,1.92956
30,99,3,56,10,6260,48.12262142,1.92956
30,99,3,56,10,6265,48.12763808,1.92956
30,99,3,56,10,6270,48.12978807,1.92956
30,99,3,56,10,6275,48.14053805,1.92956
30,99,3,56,10,6280,48.15200469,1.92956
30,99,3,56,10,6285,48.15702134,1.92956
30,99,3,56,10,6290,48.16490466,1.92956
30,99,3,56,10,6295,48.17278797,1.92956
30,99,3,56,10,6300,48.17780463,1.92956
30,99,3,56,10,6305,48.19500459,1.92956
30,99,3,56,10,6310,48.19500459,1.92956
30,99,3,56,10,6315,48.19500459,1.92956
30,99,3,56,10,6320,48.19500459,1.92956
30,99,3,56,10,6325,48.19500459,1.92956
30,99,3,56,10,6330,48.19500459,1.92956
30,99,3,56,10,6335,48.19500459,1.92956
30,99,3,56,10,6340,48.19500459,1.92956
30,99,3,56,10,6345,48.19500459,1.92956
30,99,3,56,10,6350,48.19500459,1.92956
30,99,3,56,10,6355,48.19500459,1.92956
30,99,3,56,10,6360,48.20145457,1.92956
30,99,3,56,10,6365,48.20145457,1.92956
30,99,3,56,10,6370,48.20432123,1.92956
30,99,3,56,10,6375,48.20718789,1.92956
30,99,3,56,10,6380,48.20718789,1.92956
30,99,3,56,10,6385,48.21865453,1.92956
30,99,3,56,10,6390,48.23657116,1.92956
30,99,3,56,10,6395,48.25162112,1.92956
30,99,3,56,10,6400,48.26667109,1.92956
30,99,3,56,10,6405,48.27025441,1.92956
30,99,3,56,10,6410,48.27383774,1.92956
30,99,3,56,10,6415,48.27383774,1.92956
30,99,3,56,10,6420,48.28028772,1.92956
30,99,3,56,10,6425,48.29533769,1.92956
30,99,3,56,10,6430,48.30178767,1.92956
30,99,3,56,10,6435,48.31110432,1.92956
30,99,3,56,10,6440,48.3175543,1.92956
30,99,3,56,10,6445,48.32687095,1.92956
30,99,3,56,10,6450,48.33618759,1.92956
30,99,3,56,10,6455,48.33690426,1.92956
30,99,3,56,10,6460,48.34048758,1.92956
30,99,3,56,10,6465,48.34407091,1.92956
30,99,3,56,10,6470,48.34478757,1.92956
30,99,3,56,10,6475,48.3483709,1.92956
30,99,3,56,10,6480,48.35195422,1.92956
30,99,3,56,10,6485,48.35553755,1.92956
30,99,3,56,10,6490,48.35912087,1.92956
30,99,3,56,10,6495,48.37775416,1.92956
30,99,3,56,10,6500,48.39065413,1.92956
30,99,3,56,10,6505,48.40068744,1.92956
30,99,3,56,10,6510,48.40068744,1.92956
30,99,3,56,10,6515,48.41645407,1.92956
30,99,3,56,10,6520,48.42648738,1.92956
30,99,3,56,10,6525,48.44583734,1.92956
30,99,3,56,10,6530,48.46518729,1.92956
30,99,3,56,10,6535,48.49385389,1.92956
30,99,3,56,10,6540,48.51965383,1.92956
30,99,3,56,10,6545,48.54545377,1.92956
30,99,3,56,10,6550,48.55047043,1.92956
30,99,3,56,10,6555,48.56193707,1.92956
30,99,3,56,10,6560,48.57913703,1.92956
30,99,3,56,10,6565,48.59992031,1.92956
30,99,3,56,10,6570,48.6207036,1.92956
30,99,3,56,10,6575,48.63575356,1.92956
30,99,3,56,10,6580,48.64435354,1.92956
30,99,3,56,10,6585,48.65295352,1.92956
30,99,3,56,10,6590,48.66513683,1.92956
30,99,3,56,10,6595,48.67373681,1.92956
30,99,3,56,10,6600,48.67373681,1.92956
30,99,3,56,10,6605,48.67660347,1.92956
30,99,3,56,10,6610,48.67660347,1.92956
30,99,3,56,10,6615,48.67660347,1.92956
30,99,3,56,10,6620,48.67660347,1.92956
30,99,3,56,10,6625,48.68807011,1.92956
30,99,3,56,10,6630,48.70598673,1.92956
30,99,3,56,10,6635,48.70598673,1.92956
30,99,3,56,10,6640,48.70598673,1.92956
30,99,3,56,10,6645,48.70598673,1.92956
30,99,3,56,10,6650,48.70598673,1.92956
30,99,3,56,10,6655,48.71100339,1.92956
30,99,3,56,10,6660,48.71100339,1.92956
30,99,3,56,10,6665,48.71602004,1.92956
30,99,3,56,10,6670,48.71602004,1.92956
30,99,3,56,10,6675,48.72677002,1.92956
30,99,3,56,10,6680,48.74038665,1.92956
30,99,3,56,10,6685,48.74826997,1.92956
30,99,3,56,10,6690,48.75615328,1.92956
30,99,3,56,10,6695,48.75830328,1.92956
30,99,3,56,10,6700,48.76618659,1.92956
30,99,3,56,10,6705,48.76618659,1.92956
30,99,3,56,10,6710,48.77120325,1.92956
30,99,3,56,10,6715,48.78553655,1.92956
30,99,3,56,10,6720,48.7905532,1.92956
30,99,3,56,10,6725,48.7905532,1.92956
30,99,3,56,10,6730,48.7905532,1.92956
30,99,3,56,10,6735,48.7905532,1.92956
30,99,3,56,10,6740,48.7905532,1.92956
30,99,3,56,10,6745,48.79485319,1.92956
30,99,3,56,10,6750,48.79485319,1.92956
30,99,3,56,10,6755,48.79485319,1.92956
30,99,3,56,10,6760,48.80775316,1.92956
30,99,3,56,10,6765,48.81778647,1.92956
30,99,3,56,10,6770,48.82781978,1.92956
30,99,3,56,10,6775,48.83785309,1.92956
30,99,3,56,10,6780,48.8478864,1.92956
30,99,3,56,10,6785,48.85146973,1.92956
30,99,3,56,10,6790,48.86723636,1.92956
30,99,3,56,10,6795,48.87440301,1.92956
30,99,3,56,10,6800,48.89661962,1.92956
30,99,3,56,10,6805,48.91596958,1.92956
30,99,3,56,10,6810,48.93245287,1.92956
30,99,3,56,10,6815,48.94606951,1.92956
30,99,3,56,10,6820,48.97473611,1.92956
30,99,3,56,10,6825,48.99480273,1.92956
30,99,3,56,10,6830,49.02418599,1.92956
30,99,3,56,10,6835,49.05643592,1.92956
30,99,3,56,10,6840,49.08008586,1.92956
30,99,3,56,10,6845,49.08868584,1.92956
30,99,3,56,10,6850,49.11878577,1.92956
30,99,3,56,10,6855,49.15246903,1.92956
30,99,3,56,10,6860,49.17110232,1.92956
30,99,3,56,10,6865,49.19331893,1.92956
30,99,3,56,10,6870,49.19331893,1.92956
30,99,3,56,10,6875,49.19761892,1.92956
30,99,3,56,10,6880,49.20765223,1.92956
30,99,3,56,10,6885,49.20765223,1.92956
30,99,3,56,10,6890,49.21481888,1.92956
30,99,3,56,10,6895,49.21481888,1.92956
30,99,3,56,10,6900,49.21553555,1.92956
30,99,3,56,10,6905,49.21625221,1.92956
30,99,3,56,10,6910,49.21983554,1.92956
30,99,3,56,10,6915,49.21983554,1.92956
30,99,3,56,10,6920,49.21983554,1.92956
30,99,3,56,10,6925,49.22915218,1.92956
30,99,3,56,10,6930,49.22915218,1.92956
30,99,3,56,10,6935,49.22915218,1.92956
30,99,3,56,10,6940,49.22915218,1.92956
30,99,3,56,10,6945,49.22915218,1.92956
30,99,3,56,10,6950,49.23130218,1.92956
30,99,3,56,10,6955,49.23130218,1.92956
30,99,3,56,10,6960,49.23130218,1.92956
30,99,3,56,10,6965,49.23130218,1.92956
30,99,3,56,10,6970,49.23273551,1.92956
30,99,3,56,10,6975,49.23775216,1.92956
30,99,3,56,10,6980,49.23775216,1.92956
30,99,3,56,10,6985,49.24850214,1.92956
30,99,3,55.9,10,6990,49.25280213,1.92956
30,99,3,56,10,6995,49.25280213,1.92956
30,99,3,56,10,7000,49.25710212,1.92956
30,99,3,55.9,10,7005,49.25853545,1.92956
30,99,3,55.9,10,7010,49.26641876,1.92956
30,99,3,56,10,7015,49.27071875,1.92956
30,99,3,56,10,7020,49.27071875,1.92956
30,99,3,56,10,7025,49.27071875,1.92956
30,99,3,56,10,7030,49.27071875,1.92956
30,99,3,56,10,7035,49.27071875,1.92956
30,99,3,55.9,10,7040,49.27071875,1.92956
30,99,3,55.9,10,7045,49.27071875,1.92956
30,99,3,56,10,7050,49.27071875,1.92956
30,99,3,56,10,7055,49.27716874,1.92956
30,99,3,55.9,10,7060,49.28075206,1.92956
30,99,3,56,10,7065,49.28075206,1.92956
30,99,3,55.9,10,7070,49.28433539,1.92956
30,99,3,56,10,7075,49.28433539,1.92956
30,99,3,56,10,7080,49.28433539,1.92956
30,99,3,55.9,10,7085,49.28433539,1.92956
30,99,3,56,10,7090,49.28433539,1.92956
30,99,3,56,10,7095,49.28433539,1.92956
30,99,3,56,10,7100,49.28433539,1.92956
30,99,3,56,10,7105,49.28433539,1.92956
30,99,3,56,10,7110,49.28433539,1.92956
30,99,3,56,10,7115,49.28433539,1.92956
30,99,3,56,10,7120,49.28433539,1.92956
30,99,3,56,10,7125,49.29006871,1.92956
30,99,3,56,10,7130,49.29006871,1.92956
30,99,3,56,10,7135,49.29006871,1.92956
30,99,3,56,10,7140,49.30153535,1.92956
30,99,3,56,10,7145,49.31371865,1.92956
30,99,3,56,10,7150,49.32231863,1.92956
30,99,3,56,10,7155,49.3373686,1.92956
30,99,3,56,10,7160,49.34381858,1.92956
30,99,3,56,10,7165,49.34381858,1.92956
30,99,3,56,10,7170,49.34381858,1.92956
30,99,3,56,10,7175,49.34668524,1.92956
30,99,3,56,10,7180,49.34668524,1.92956
30,99,3,56,10,7185,49.34668524,1.92956
30,99,3,56,10,7190,49.35241856,1.92956
30,99,3,56,10,7195,49.36173521,1.92956
30,99,3,56,10,7200,49.36173521,1.92956
30,99,3,56,10,7205,49.37391851,1.92956
30,99,3,56,10,7210,49.38896848,1.92956
30,99,3,56,10,7215,49.4068851,1.92956
30,99,3,56,10,7220,49.41620175,1.92956
30,99,3,56,10,7225,49.41620175,1.92956
30,99,3,56,10,7230,49.41906841,1.92956
30,99,3,56,10,7235,49.42193507,1.92956
30,99,3,56,10,7240,49.43411837,1.92956
30,99,3,56,10,7245,49.43985169,1.92956
30,99,3,56,10.01,7250,49.44271835,1.92956
30,99,3,56,10,7255,49.44271835,1.92956
30,99,3,56,10,7260,49.44271835,1.92956
30,99,3,56,10,7265,49.44271835,1.92956
30,99,3,56,10,7270,49.44271835,1.92956
30,99,3,56,10,7275,49.44271835,1.92956
30,99,3,56,10,7280,49.44271835,1.92956
30,99,3,56,10,7285,49.44271835,1.92956
30,99,3,56,10,7290,49.44271835,1.92956
30,99,3,56,10,7295,49.44343502,1.92956
30,99,3,56,10,7300,49.44415168,1.92956
30,99,3,56,10,7305,49.44415168,1.92956
30,99,3,56,10,7310,49.44415168,1.92956
30,99,3,56,10,7315,49.44415168,1.92956
30,99,3,56,10,7320,49.44415168,1.92956
30,99,3,56,10,7325,49.44415168,1.92956
30,99,3,56,10,7330,49.44701834,1.92956
30,99,3,56,10,7335,49.45633499,1.92956
30,99,3,56,10,7340,49.47138495,1.92956
30,99,3,56,10,7345,49.47425161,1.92956
30,99,3,56,10,7350,49.47425161,1.92956
30,99,3,56,10,7355,49.47711827,1.92956
30,99,3,56,10,7360,49.47711827,1.92956
30,99,3,56,10,7365,49.48571825,1.92956
30,99,3,56,10,7370,49.48571825,1.92956
30,99,3,56,10,7375,49.48858491,1.92956
30,99,3,56,10,7380,49.49431823,1.92956
30,99,3,56,10,7385,49.5093682,1.92956
30,99,3,56,10,7390,49.5215515,1.92956
30,99,3,56,10,7395,49.54018479,1.92956
30,99,3,56,10,7400,49.54018479,1.92956
30,99,3,56,10,7405,49.54305145,1.92956
30,99,3,56,10,7410,49.55523476,1.92956
30,99,3,56,10,7415,49.55523476,1.92956
30,99,3,56,10,7420,49.56741806,1.92956
30,99,3,56,10,7425,49.58318469,1.92956
30,99,3,56,10,7430,49.59895132,1.92956
30,99,3,56,10,7435,49.59895132,1.92956
30,99,3,56,10,7440,49.59895132,1.92956
30,99,3,56,10,7445,49.59895132,1.92956
30,99,3,56,10,7450,49.59895132,1.92956
30,99,3,56,10,7455,49.59895132,1.92956
30,99,3,56,10,7460,49.59895132,1.92956
30,99,3,56,10,7465,49.59895132,1.92956
30,99,3,56,10,7470,49.60468464,1.92956
30,99,3,56,10,7475,49.60683464,1.92956
30,99,3,56,10,7480,49.60683464,1.92956
30,99,3,56,10,7485,49.61256796,1.92956
30,99,3,56,10,7490,49.61256796,1.92956
30,99,3,56,10,7495,49.62116794,1.92956
30,99,3,56,10,7500,49.62116794,1.92956
30,99,3,56,10,7505,49.6362179,1.92956
30,99,3,56,10,7510,49.65413453,1.92956
30,99,3,56,10,7515,49.67205115,1.92956
30,99,3,56,10,7520,49.67205115,1.92956
30,99,3,56,10,7525,49.67205115,1.92956
30,99,3,56,10,7530,49.67205115,1.92956
30,99,3,56,10,7535,49.68065113,1.92956
30,99,3,56,10,7540,49.68065113,1.92956
30,99,3,56,10,7545,49.68065113,1.92956
30,99,3,56,10,7550,49.68925111,1.92956
30,99,3,56,10,7555,49.69211777,1.92956
30,99,3,56,10,7560,49.69211777,1.92956
30,99,3,56,10,7565,49.69211777,1.92956
30,99,3,56,10,7570,49.69211777,1.92956
30,99,3,56,10,7575,49.69211777,1.92956
30,99,3,56,10,7580,49.70358441,1.92956
30,99,3,56,10,7585,49.72150104,1.92956
30,99,3,56,10,7590,49.72150104,1.92956
30,99,3,56,10,7595,49.72723436,1.92956
30,99,3,56,10,7600,49.73941766,1.92956
30,99,3,56,10,7605,49.73941766,1.92956
30,99,3,56,10,7610,49.74515098,1.92956
30,99,3,56,10,7615,49.76306761,1.92956
30,99,3,56,10,7620,49.7817009,1.92956
30,99,3,56,10,7625,49.80965083,1.92956
30,99,3,56,10,7630,49.82828412,1.92956
30,99,3,56,10,7635,49.82971745,1.92956
30,99,3,56,10,7640,49.83401744,1.92956
30,99,3,56,10,7645,49.84118409,1.92956
30,99,3,56,10,7650,49.85480073,1.92956
30,99,3,56,10,7655,49.85480073,1.92956
30,99,3,56,10,7660,49.86841736,1.92956
30,99,3,56,10,7665,49.88490066,1.92956
30,99,3,56,10,7670,49.88490066,1.92956
30,99,3,56,10,7675,49.88490066,1.92956
30,99,3,56,10,7680,49.88991731,1.92956
30,99,3,56,10,7685,49.89135064,1.92956
30,99,3,56,10,7690,49.90210062,1.92956
30,99,3,56,10,7695,49.90210062,1.92956
30,99,3,56,10,7700,49.90711727,1.92956
30,99,3,56,10,7705,49.91500059,1.92956
30,99,3,56,10,7710,49.92575056,1.92956
30,99,3,56,10,7715,49.93076722,1.92956
30,99,3,56,10,7720,49.93076722,1.92956
30,99,3,56,10,7725,49.93865053,1.92956
30,99,3,56,10,7730,49.93865053,1.92956
30,99,3,56,10,7735,49.93865053,1.92956
30,99,3,56,10,7740,49.93865053,1.92956
30,99,3,56,10,7745,49.94295052,1.92956
30,99,3,56,10,7750,49.95083384,1.92956
30,99,3,56,10,7755,49.96445047,1.92956
30,99,3,56,10,7760,49.96445047,1.92956
30,99,3,56,10,7765,49.96445047,1.92956
30,99,3,56,10,7770,49.96445047,1.92956
30,99,3,56,10,7775,49.96445047,1.92956
30,99,3,56,10,7780,49.9658838,1.92956
30,99,3,56,10,7785,49.96731713,1.92956
30,99,3,56,10,7790,49.96731713,1.92956
30,99,3,56,10,7795,49.97161712,1.92956
30,99,3,56,10,7800,49.97305045,1.92956
30,99,3,56,10,7805,49.97448378,1.92956
30,99,3,56,10,7810,49.97878377,1.92956
30,99,3,56,10,7815,49.98308376,1.92956
30,99,3,56,10,7820,49.98308376,1.92956
30,99,3,56,10,7825,49.98451709,1.92956
30,99,3,56,10,7830,49.99168374,1.92956
30,99,3,56,10,7835,50.00530038,1.92956
30,99,3,56,10,7840,50.00960037,1.92956
30,99,3,56,10,7845,50.00960037,1.92956
30,99,3,56,10,7850,50.00960037,1.92956
30,99,3,56,10,7855,50.00960037,1.92956
30,99,3,56,10,7860,50.00960037,1.92956
30,99,3,56,10,7865,50.00960037,1.92956
30,99,3,56,10,7870,50.00960037,1.92956
30,99,3,56,10,7875,50.00960037,1.92956
30,99,3,56,10,7880,50.00960037,1.92956
30,99,3,56,10,7885,50.00960037,1.92956
30,99,3,56,10,7890,50.00960037,1.92956
30,99,3,56,10,7895,50.00960037,1.92956
30,99,3,56,10,7900,50.00960037,1.92956
30,99,3,56,10,7905,50.00960037,1.92956
30,99,3,56,10,7910,50.01246703,1.92956
30,99,3,56,10,7915,50.01820035,1.92956
30,99,3,56,10,7920,50.01820035,1.92956
30,99,3,56,10,7925,50.02680033,1.92956
30,99,3,56,10,7930,50.02680033,1.92956
30,99,3,56,10,7935,50.02680033,1.92956
30,99,3,56,10,7940,50.02680033,1.92956
30,99,3,56,10,7945,50.02680033,1.92956
30,99,3,56,10,7950,50.02966699,1.92956
30,99,3,56,10,7955,50.02966699,1.92956
30,99,3,56,10,7960,50.02966699,1.92956
30,99,3,56,10,7965,50.04113363,1.92956
30,99,3,56,10,7970,50.05618359,1.92956
30,99,3,56,10,7975,50.05618359,1.92956
30,99,3,56,10,7980,50.06191691,1.92956
30,99,3,56,10,7985,50.07410022,1.92956
30,99,3,56,10,7990,50.08628352,1.92956
30,99,3,56,10,7995,50.08628352,1.92956
30,99,3,56,10,8000,50.08628352,1.92956
30,99,3,56,10,8005,50.08628352,1.92956
30,99,3,56,10,8010,50.08628352,1.92956
30,99,3,56,10,8015,50.0948835,1.92956
30,99,3,56,10,8020,50.10420015,1.92956
30,99,3,56,10,8025,50.10420015,1.92956
30,99,3,56,10,8030,50.11638345,1.92956
30,99,3,56,10,8035,50.12283344,1.92956
30,99,3,56,10,8040,50.14146673,1.92956
30,99,3,56,10,8045,50.16010002,1.92956
30,99,3,56,10,8050,50.16726667,1.92956
30,99,3,56,10,8055,50.16798333,1.92956
30,99,3,56,10,8060,50.16798333,1.92956
30,99,3,56,10,8065,50.17156666,1.92956
30,99,3,56,10,8070,50.17156666,1.92956
30,99,3,56,10,8075,50.17228332,1.92956
30,99,3,56,10,8080,50.17586665,1.92956
30,99,3,56,10,8085,50.17944997,1.92956
30,99,3,56,10,8090,50.1830333,1.92956
30,99,3,56,10,8095,50.19234994,1.92956
30,99,3,56,10,8100,50.19593327,1.92956
30,99,3,56,10,8105,50.20238325,1.92956
30,99,3,56,10,8110,50.21528322,1.92956
30,99,3,56,10,8115,50.22531653,1.92956
30,99,3,56,10,8120,50.23534984,1.92956
30,99,3,56,10,8125,50.25183314,1.92956
30,99,3,56,10,8130,50.27118309,1.92956
30,99,3,56,10,8135,50.28766639,1.92956
30,99,3,56,10,8140,50.29268304,1.92956
30,99,3,56,10,8145,50.309883,1.92956
30,99,3,56,10,8150,50.32708296,1.92956
30,99,3,56,10,8155,50.34714958,1.92956
30,99,3,56,10,8160,50.36793287,1.92956
30,99,3,56,10,8165,50.38226617,1.92956
30,99,3,56,10,8170,50.38226617,1.92956
30,99,3,56,10,8175,50.38226617,1.92956
30,99,3,56,10,8180,50.38513283,1.92956
30,99,3,56,10,8185,50.40304945,1.92956
30,99,3,56,10,8190,50.42096608,1.92956
30,99,3,56,10,8195,50.42096608,1.92956
30,99,3,56,10,8200,50.42096608,1.92956
30,99,3,56,10,8205,50.42096608,1.92956
30,99,3,56,10,8210,50.42096608,1.92956
30,99,3,56,10,8215,50.42096608,1.92956
30,99,3,56,10,8220,50.42096608,1.92956
30,99,3,56,10,8225,50.42096608,1.92956
30,99,3,56,10,8230,50.42096608,1.92956
30,99,3,56,10,8235,50.42096608,1.92956
30,99,3,56,10,8240,50.42813273,1.92956
30,99,3,56,10,8245,50.42813273,1.92956
30,99,3,56,10,8250,50.44174936,1.92956
30,99,3,56,10,8255,50.44174936,1.92956
30,99,3,56,10,8260,50.44174936,1.92956
30,99,3,56,10,8265,50.44174936,1.92956
30,99,3,56,10,8270,50.44174936,1.92956
30,99,3,56,10,8275,50.44174936,1.92956
30,99,3,56,10,8280,50.44174936,1.92956
30,99,3,56,10,8285,50.44174936,1.92956
30,99,3,56,10,8290,50.44174936,1.92956
30,99,3,56,10,8295,50.44174936,1.92956
30,99,3,56,10,8300,50.44174936,1.92956
30,99,3,56,10,8305,50.44174936,1.92956
30,99,3,56.1,10,8310,50.44174936,1.92956
30,99,3,56,10,8315,50.44174936,1.92956
30,99,3,56,10,8320,50.44676602,1.92956
30,99,3,56,10,8325,50.44676602,1.92956
30,99,3,56,10,8330,50.45823266,1.92956
30,99,3,56,10,8335,50.46683264,1.92956
30,99,3,56.1,10,8340,50.49048258,1.92956
30,99,3,56,10,8345,50.49048258,1.92956
30,99,3,56.1,10,8350,50.50194922,1.92956
30,99,3,56,10,8355,50.50194922,1.92956
30,99,3,56,10,8360,50.50194922,1.92956
30,99,3,56,10,8365,50.50194922,1.92956
30,99,3,56.1,10,8370,50.50481588,1.92956
30,99,3,56,10,8375,50.51341586,1.92956
30,99,3,56,10,8380,50.52273251,1.92956
30,99,3,56,10,8385,50.52846583,1.92956
30,99,3,56.1,10,8390,50.54064913,1.92956
30,99,3,56,10,8395,50.54996578,1.92956
30,99,3,56,10,8400,50.54996578,1.92956
30,99,3,56,10,8405,50.54996578,1.92956
30,99,3,56,10,8410,50.54996578,1.92956
30,99,3,56.1,10,8415,50.55283244,1.92956
30,99,3,56,10,8420,50.5678824,1.92956
30,99,3,56.1,10,8425,50.5678824,1.92956
30,99,3,56,10,8430,50.5678824,1.92956
30,99,3,56,10,8435,50.5678824,1.92956
30,99,3,56,10,8440,50.57433239,1.92956
30,99,3,56,10,8445,50.58651569,1.92956
30,99,3,56,10,8450,50.60228232,1.92956
30,99,3,56,10,8455,50.61518229,1.92956
30,99,3,56,10,8460,50.63381558,1.92956
30,99,3,56,10,8465,50.65889886,1.92956
30,99,3,56,10,8470,50.68398213,1.92956
30,99,3,56,10,8475,50.70978207,1.92956
30,99,3,56,10,8480,50.73271535,1.92956
30,99,3,56,10,8485,50.73271535,1.92956
30,99,3,56,10,8490,50.73271535,1.92956
30,99,3,56,10,8495,50.73271535,1.92956
30,99,3,56,10,8500,50.73271535,1.92956
30,99,3,56,10,8505,50.73271535,1.92956
30,99,3,56,10,8510,50.73271535,1.92956
30,99,3,56,10,8515,50.73271535,1.92956
30,99,3,56.1,10,8520,50.739882,1.92956
30,99,3,56.1,10,8525,50.739882,1.92956
30,99,3,56,10,8530,50.75923196,1.92956
30,99,3,56,10,8535,50.76066529,1.92956
30,99,3,56,10,8540,50.76066529,1.92956
30,99,3,56,10,8545,50.76066529,1.92956
30,99,3,56,10,8550,50.76066529,1.92956
30,99,3,56,10,8555,50.76496528,1.92956
30,99,3,56,10,8560,50.77571525,1.92956
30,99,3,56,10,8565,50.77571525,1.92956
30,99,3,56,10,8570,50.77571525,1.92956
30,99,3,56,10,8575,50.78933189,1.92956
30,99,3,56,10,8580,50.79363188,1.92956
30,99,3,56,10,8585,50.79506521,1.92956
30,99,3,56,10,8590,50.80294852,1.92956
30,99,3,56,10,8595,50.81083184,1.92956
30,99,3,56,10,8600,50.81584849,1.92956
30,99,3,56,10,8605,50.81584849,1.92956
30,99,3,56,10,8610,50.82659847,1.92956
30,99,3,56,10,8615,50.83161512,1.92956
30,99,3,56,10,8620,50.83304845,1.92956
30,99,3,56,10,8625,50.84379843,1.92956
30,99,3,56,10,8630,50.8545484,1.92956
30,99,3,56,10,8635,50.8545484,1.92956
30,99,3,56,10,8640,50.8566984,1.92956
30,99,3,56,10,8645,50.8566984,1.92956
30,99,3,56,10,8650,50.86458171,1.92956
30,99,3,56,10,8655,50.86458171,1.92956
30,99,3,56,10,8660,50.86458171,1.92956
30,99,3,56,10,8665,50.87819835,1.92956
30,99,3,56,10,8670,50.89181498,1.92956
30,99,3,56,10,8675,50.8996983,1.92956
30,99,3,56,10,8680,50.90471495,1.92956
30,99,3,56,10,8685,50.92191491,1.92956
30,99,3,56,10,8690,50.92191491,1.92956
30,99,3,56,10,8695,50.92406491,1.92956
30,99,3,56,10,8700,50.92406491,1.92956
30,99,3,56,10,8705,50.9262149,1.92956
30,99,3,56,10,8710,50.9262149,1.92956
30,99,3,56,10,8715,50.9262149,1.92956
30,99,3,56,10,8720,50.9262149,1.92956
30,99,3,56,10,8725,50.9262149,1.92956
30,99,3,56,10,8730,50.9262149,1.92956
30,99,3,56,10,8735,50.9262149,1.92956
30,99,3,56,10,8740,50.9262149,1.92956
30,99,3,56,10,8745,50.9262149,1.92956
30,99,3,56,10,8750,50.9262149,1.92956
30,99,3,56,10,8755,50.9262149,1.92956
30,99,3,56,10,8760,50.9262149,1.92956
30,99,3,56,10,8765,50.93051489,1.92956
30,99,3,56,10,8770,50.93481488,1.92956
30,99,3,56,10,8775,50.93624821,1.92956
30,99,3,56,10,8780,50.93624821,1.92956
30,99,3,56,10,8785,50.93624821,1.92956
30,99,3,56,10,8790,50.9405482,1.92956
30,99,3,56,10,8795,50.94198153,1.92956
30,99,3,56,10,8800,50.94341486,1.92956
30,99,3,56,10.01,8805,50.94484819,1.92956
30,99,3,56,10,8810,50.94484819,1.92956
30,99,3,56,10,8815,50.95774816,1.92956
30,99,3,56,10,8820,50.96204815,1.92956
30,99,3,56,10,8825,50.9692148,1.92956
30,99,3,56,10,8830,50.96993147,1.92956
30,99,3,56,10,8835,50.97064813,1.92956
30,99,3,56,10,8840,50.97781478,1.92956
30,99,3,56,10,8845,50.97781478,1.92956
30,99,3,56,10,8850,50.97781478,1.92956
30,99,3,56,10,8855,50.97781478,1.92956
30,99,3,56,10,8860,50.98139811,1.92956
30,99,3,56,10,8865,50.98139811,1.92956
30,99,3,56,10,8870,50.98139811,1.92956
30,99,3,56,10,8875,50.98139811,1.92956
30,99,3,56,10,8880,50.98139811,1.92956
30,99,3,56,10,8885,50.98139811,1.92956
30,99,3,56,10,8890,50.98139811,1.92956
30,99,3,56,10,8895,50.98139811,1.92956
30,99,3,56,10,8900,50.98139811,1.92956
30,99,3,56,10,8905,50.98139811,1.92956
30,99,3,56,10,8910,50.98139811,1.92956
30,99,3,56,10,8915,50.98139811,1.92956
30,99,3,56,10,8920,50.98139811,1.92956
30,99,3,56,10,8925,50.98713143,1.92956
30,99,3,56,10,8930,50.98713143,1.92956
30,99,3,56,10,8935,50.98713143,1.92956
30,99,3,56,10,8940,50.98713143,1.92956
30,99,3,56,10,8945,50.99286475,1.92956
30,99,3,56,10,8950,51.00719805,1.92956
30,99,3,56,10,8955,51.00719805,1.92956
30,99,3,56,10,8960,51.01293137,1.92956
30,99,3,56,10,8965,51.01579803,1.92956
30,99,3,56,10,8970,51.01579803,1.92956
30,99,3,56,10,8975,51.01579803,1.92956
30,99,3,56,10,8980,51.01579803,1.92956
30,99,3,56,10,8985,51.01794802,1.92956
30,99,3,56,10,8990,51.01794802,1.92956
30,99,3,56,10,8995,51.02296468,1.92956
30,99,3,56,10,9000,51.02511467,1.92956
30,99,3,56,10,9005,51.02511467,1.92956
30,99,3,56,10,9010,51.03013133,1.92956
30,99,3,56,10,9015,51.03514798,1.92956
30,99,3,56,10,9020,51.03514798,1.92956
30,99,3,56,10,9025,51.03514798,1.92956
30,99,3,56,10,9030,51.03514798,1.92956
30,99,3,56,10,9035,51.03514798,1.92956
30,99,3,56,10,9040,51.04374796,1.92956
30,99,3,56,10,9045,51.04374796,1.92956
30,99,3,56,10,9050,51.04661462,1.92956
30,99,3,56,10,9055,51.0552146,1.92956
30,99,3,56,10,9060,51.05808126,1.92956
30,99,3,56,10,9065,51.06668124,1.92956
30,99,3,56,10,9070,51.07886455,1.92956
30,99,3,56,10,9075,51.07886455,1.92956
30,99,3,56,10,9080,51.08459787,1.92956
30,99,3,56,10,9085,51.08459787,1.92956
30,99,3,56,10,9090,51.08459787,1.92956
30,99,3,56,10,9095,51.09033119,1.92956
30,99,3,56,10,9100,51.09033119,1.92956
30,99,3,56,10,9105,51.09033119,1.92956
30,99,3,56,10,9110,51.09033119,1.92956
30,99,3,56,10,9115,51.09033119,1.92956
30,99,3,56,10,9120,51.09033119,1.92956
30,99,3,56,10,9125,51.09033119,1.92956
30,99,3,56,10,9130,51.09606451,1.92956
30,99,3,56,10,9135,51.09606451,1.92956
30,99,3,56,10,9140,51.09893117,1.92956
30,99,3,56,10,9145,51.10179783,1.92956
30,99,3,56,10,9150,51.10753115,1.92956
30,99,3,56,10,9155,51.11326447,1.92956
30,99,3,56,10,9160,51.12473111,1.92956
30,99,3,56,10,9165,51.12473111,1.92956
30,99,3,56,10,9170,51.12473111,1.92956
30,99,3,56,10,9175,51.12473111,1.92956
30,99,3,56,10,9180,51.12473111,1.92956
30,99,3,56,10,9185,51.12473111,1.92956
30,99,3,56,10,9190,51.1268811,1.92956
30,99,3,56,10,9195,51.1268811,1.92956
30,99,3,56,10,9200,51.1290311,1.92956
30,99,3,56,10,9205,51.1290311,1.92956
30,99,3,56,10,9210,51.1290311,1.92956
30,99,3,56,10,9215,51.13691441,1.92956
30,99,3,56,10,9220,51.14193107,1.92956
30,99,3,56,10,9225,51.14193107,1.92956
30,99,3,56,10,9230,51.14193107,1.92956
30,99,3,56,10,9235,51.14193107,1.92956
30,99,3,56,10,9240,51.14193107,1.92956
30,99,3,56,10,9245,51.14193107,1.92956
30,99,3,56,10,9250,51.14193107,1.92956
30,99,3,56,10,9255,51.14193107,1.92956
30,99,3,56,10,9260,51.14193107,1.92956
30,99,3,56,10,9265,51.14193107,1.92956
30,99,3,56,10,9270,51.14193107,1.92956
30,99,3,56,10,9275,51.14193107,1.92956
30,99,3,56,10,9280,51.14193107,1.92956
30,99,3,56,10,9285,51.14193107,1.92956
30,99,3,56,10,9290,51.14193107,1.92956
30,99,3,56,10,9295,51.14193107,1.92956
30,99,3,56,10,9300,51.14193107,1.92956
30,99,3,56,10,9305,51.14193107,1.92956
30,99,3,56,10,9310,51.14193107,1.92956
30,99,3,56,10,9315,51.14193107,1.92956
30,99,3,56,10,9320,51.14193107,1.92956
30,99,3,56,10,9325,51.14193107,1.92956
30,99,3,55.9,10,9330,51.14193107,1.92956
30,99,3,56,10,9335,51.14193107,1.92956
30,99,3,56,10,9340,51.14193107,1.92956
30,99,3,56,10,9345,51.14479773,1.92956
30,99,3,56,10,9350,51.14766439,1.92956
30,99,3,56,10,9355,51.14766439,1.92956
30,99,3,56,10,9360,51.15124771,1.92956
30,99,3,55.9,10,9365,51.15124771,1.92956
30,99,3,56,10,9370,51.15124771,1.92956
30,99,3,56,10,9375,51.15483104,1.92956
30,99,3,56,10,9380,51.15841436,1.92956
30,99,3,56,10,9385,51.17059767,1.92956
30,99,3,56,10,9390,51.17991431,1.92956
30,99,3,56,10,9395,51.18994762,1.92956
30,99,3,56,10,9400,51.20858091,1.92956
30,99,3,56,10,9405,51.21861422,1.92956
30,99,3,56,10,9410,51.22578087,1.92956
30,99,3,56,10,9415,51.23294752,1.92956
30,99,3,56,10,9420,51.23438085,1.92956
30,99,3,56,10,9425,51.23581418,1.92956
30,99,3,56,10,9430,51.23581418,1.92956
30,99,3,55.9,10,9435,51.23581418,1.92956
30,99,3,56,10,9440,51.23581418,1.92956
30,99,3,56,10,9445,51.23581418,1.92956
30,99,3,56,10,9450,51.24011417,1.92956
30,99,3,56,10,9455,51.24011417,1.92956
30,99,3,56,10,9460,51.24011417,1.92956
30,99,3,56,10,9465,51.24011417,1.92956
30,99,3,56,10,9470,51.24011417,1.92956
30,99,3,56,10,9475,51.24011417,1.92956
30,99,3,56,10,9480,51.24011417,1.92956
30,99,3,56,10,9485,51.24011417,1.92956
30,99,3,56,10,9490,51.24011417,1.92956
30,99,3,56,10,9495,51.24011417,1.92956
30,99,3,56,10,9500,51.24011417,1.92956
30,99,3,56,10,9505,51.24011417,1.92956
30,99,3,56,10,9510,51.24011417,1.92956
30,99,3,56,10,9515,51.24011417,1.92956
30,99,3,56,10,9520,51.24011417,1.92956
30,99,3,56,10,9525,51.24011417,1.92956
30,99,3,56,10,9530,51.24011417,1.92956
30,99,3,56,10,9535,51.24011417,1.92956
30,99,3,56,10,9540,51.24011417,1.92956
30,99,3,56,10,9545,51.24011417,1.92956
30,99,3,56,10,9550,51.24011417,1.92956
30,99,3,56,10,9555,51.24011417,1.92956
30,99,3,56,10,9560,51.24011417,1.92956
30,99,3,56,10,9565,51.24513083,1.92956
30,99,3,56,10,9570,51.24513083,1.92956
30,99,3,56,10,9575,51.2558808,1.92956
30,99,3,56,10,9580,51.2558808,1.92956
30,99,3,56,10,9585,51.2558808,1.92956
30,99,3,56,10,9590,51.26734744,1.92956
30,99,3,56,10,9595,51.26734744,1.92956
30,99,3,56,10,9600,51.27594742,1.92956
30,99,3,56,10,9605,51.29386405,1.92956
30,99,3,56,10,9610,51.29386405,1.92956
30,99,3,56,10,9615,51.29673071,1.92956
30,99,3,56,10,9620,51.30246403,1.92956
30,99,3,56,10,9625,51.30533069,1.92956
30,99,3,56,10,9630,51.30533069,1.92956
30,99,3,56,10,9635,51.30533069,1.92956
30,99,3,56,10,9640,51.30533069,1.92956
30,99,3,56,10,9645,51.30533069,1.92956
30,99,3,56,10,9650,51.30533069,1.92956
30,99,3,56,10,9655,51.30533069,1.92956
30,99,3,56,10,9660,51.30533069,1.92956
30,99,3,56,10,9665,51.30533069,1.92956
30,99,3,56,10,9670,51.30533069,1.92956
30,99,3,56,10,9675,51.30533069,1.92956
30,99,3,56,10,9680,51.31106401,1.92956
30,99,3,56,10,9685,51.31106401,1.92956
30,99,3,56,10,9690,51.31106401,1.92956
30,99,3,56,10,9695,51.31106401,1.92956
30,99,3,56,10,9700,51.31106401,1.92956
30,99,3,56,10,9705,51.31106401,1.92956
30,99,3,56,10,9710,51.31966399,1.92956
30,99,3,56,10,9715,51.32826397,1.92956
30,99,3,56,10,9720,51.33113063,1.92956
30,99,3,56,10,9725,51.33113063,1.92956
30,99,3,56,10,9730,51.33113063,1.92956
30,99,3,56,10,9735,51.33399729,1.92956
30,99,3,56,10,9740,51.33973061,1.92956
30,99,3,56,10,9745,51.34904725,1.92956
30,99,3,56,10,9750,51.34904725,1.92956
30,99,3,56,10,9755,51.34904725,1.92956
30,99,3,56,10,9760,51.34904725,1.92956
30,99,3,56,10,9765,51.34904725,1.92956
30,99,3,56,10,9770,51.34904725,1.92956
30,99,3,56,10,9775,51.34904725,1.92956
30,99,3,56,10,9780,51.34904725,1.92956
30,99,3,56,10,9785,51.34904725,1.92956
30,99,3,56,10,9790,51.34904725,1.92956
30,99,3,56,10,9795,51.34904725,1.92956
30,99,3,56,10,9800,51.34904725,1.92956
30,99,3,56,10,9805,51.34904725,1.92956
30,99,3,56,10,9810,51.34904725,1.92956
30,99,3,56,10,9815,51.34904725,1.92956
30,99,3,56,10,9820,51.34904725,1.92956
30,99,3,56,10,9825,51.34904725,1.92956
30,99,3,56,10,9830,51.34904725,1.92956
30,99,3,56,10,9835,51.34904725,1.92956
30,99,3,56,10,9840,51.34904725,1.92956
30,99,3,56,10,9845,51.34904725,1.92956
30,99,3,56,10,9850,51.34904725,1.92956
30,99,3,56,10,9855,51.35478057,1.92956
30,99,3,56,10,9860,51.35478057,1.92956
30,99,3,56,10,9865,51.35478057,1.92956
30,99,3,56,10,9870,51.35764723,1.92956
30,99,3,56,10,9875,51.36051389,1.92956
30,99,3,56,10,9880,51.36338055,1.92956
30,99,3,56,10,9885,51.36338055,1.92956
30,99,3,56,10,9890,51.36338055,1.92956
30,99,3,56,10,9895,51.36338055,1.92956
30,99,3,56,10,9900,51.36338055,1.92956
30,99,3,56,10,9905,51.36696388,1.92956
30,99,3,56,10,9910,51.3705472,1.92956
30,99,3,56,10,9915,51.3705472,1.92956
30,99,3,56,10,9920,51.37413053,1.92956
30,99,3,56,10,9925,51.38344717,1.92956
30,99,3,56,10,9930,51.38989716,1.92956
30,99,3,56,10,9935,51.39993047,1.92956
30,99,3,56,10,9940,51.40709712,1.92956
30,99,3,56,10,9945,51.40709712,1.92956
30,99,3,56,10,9950,51.40709712,1.92956
30,99,3,56,10,9955,51.40709712,1.92956
30,99,3,56,10,9960,51.40709712,1.92956
30,99,3,56,10,9965,51.40709712,1.92956
30,99,3,56,10,9970,51.40709712,1.92956
30,99,3,56,10,9975,51.40853045,1.92956
30,99,3,56,10,9980,51.4156971,1.92956
30,99,3,56,10,9985,51.4156971,1.92956
30,99,3,56,10,9990,51.41713043,1.92956
30,99,3,56,10,9995,51.43074706,1.92956
30,99,3,56,10,10000,51.43074706,1.92956
30,99,3,56,10,10005,51.43074706,1.92956
30,99,3,56,10,10010,51.43576372,1.92956
30,99,3,56,10,10015,51.44078037,1.92956
30,99,3,56,10,10020,51.46371365,1.92956
30,99,3,56,10,10025,51.47231363,1.92956
30,99,3,56,10,10030,51.47804695,1.92956
30,99,3,56,10,10035,51.48378027,1.92956
30,99,3,56,10,10040,51.48378027,1.92956
30,99,3,56,10,10045,51.48951359,1.92956
30,99,3,56,10,10050,51.48951359,1.92956
30,99,3,56,10,10055,51.48951359,1.92956
30,99,3,56,10,10060,51.48951359,1.92956
30,99,3,56,10,10065,51.49166359,1.92956
30,99,3,56,10,10070,51.49166359,1.92956
30,99,3,56,10,10075,51.50958021,1.92956
30,99,3,56,10,10080,51.5303635,1.92956
30,99,3,56,10,10085,51.53323016,1.92956
30,99,3,56,10,10090,51.53609682,1.92956
30,99,3,56,10,10095,51.55473011,1.92956
30,99,3,56,10,10100,51.5733634,1.92956
30,99,3,56,10,10105,51.60417999,1.92956
30,99,3,56,10,10110,51.63212993,1.92956
30,99,3,56,10,10115,51.64574656,1.92956
30,99,3,56,10,10120,51.68086315,1.92956
30,99,3,56,10,10125,51.69806311,1.92956
30,99,3,56,10,10130,51.70952975,1.92956
30,99,3,56,10,10135,51.72959637,1.92956
30,99,3,56,10,10140,51.75324631,1.92956
30,99,3,56,10,10145,51.77116294,1.92956
30,99,3,56,10,10150,51.78907956,1.92956
30,99,3,56,10,10155,51.78907956,1.92956
30,99,3,56,10,10160,51.78907956,1.92956
30,99,3,56,10,10165,51.78907956,1.92956
30,99,3,56,10,10170,51.78907956,1.92956
30,99,3,56,10,10175,51.78907956,1.92956
30,99,3,56,10,10180,51.78907956,1.92956
30,99,3,56,10,10185,51.78907956,1.92956
30,99,3,56,10,10190,51.78907956,1.92956
30,99,3,56,10,10195,51.78907956,1.92956
30,99,3,56,10,10200,51.78907956,1.92956
30,99,3,56,10,10205,51.78907956,1.92956
30,99,3,56,10,10210,51.78907956,1.92956
30,99,3,56,10,10215,51.78907956,1.92956
30,99,3,56,10,10220,51.78907956,1.92956
30,99,3,55.9,10,10225,51.78907956,1.92956
30,99,3,55.9,10,10230,51.78907956,1.92956
30,99,3,56,10,10235,51.79696288,1.92956
30,99,3,56,10,10240,51.80484619,1.92956
30,99,3,56,10,10245,51.80699619,1.92956
30,99,3,56,10,10250,51.80914618,1.92956
30,99,3,56,10,10255,51.80914618,1.92956
30,99,3,56,10,10260,51.80914618,1.92956
30,99,3,56,10,10265,51.8170295,1.92956
30,99,3,55.9,10,10270,51.82204615,1.92956
30,99,3,55.9,10,10275,51.82204615,1.92956
30,99,3,56,10,10280,51.82204615,1.92956
30,99,3,56,10,10285,51.82204615,1.92956
30,99,3,55.9,10,10290,51.82204615,1.92956
30,99,3,56,10,10295,51.82204615,1.92956
30,99,3,56,10,10300,51.82204615,1.92956
30,99,3,56,10,10305,51.82204615,1.92956
30,99,3,56,10,10310,51.82204615,1.92956
30,99,3,56,10,10315,51.82204615,1.92956
30,99,3,56,10,10320,51.82276282,1.92956
30,99,3,56,10,10325,51.83566279,1.92956
30,99,3,55.9,10,10330,51.83566279,1.92956
30,99,3,56,10,10335,51.8456961,1.92956
30,99,3,55.9,10,10340,51.87077937,1.92956
30,99,3,56,10,10345,51.87507936,1.92956
30,99,3,55.9,10,10350,51.89156266,1.92956
30,99,3,55.9,10,10355,51.9173626,1.92956
30,99,3,56,10,10360,51.92237925,1.92956
30,99,3,56,10,10365,51.93957921,1.92956
30,99,3,56,10,10370,51.93957921,1.92956
30,99,3,56,10,10375,51.93957921,1.92956
30,99,3,56,10,10380,51.94746253,1.92956
30,99,3,56,10,10385,51.94746253,1.92956
30,99,3,56,10,10390,51.94746253,1.92956
30,99,3,56,10,10395,51.94961252,1.92956
30,99,3,56,10,10400,51.94961252,1.92956
30,99,3,56,10,10405,51.94961252,1.92956
30,99,3,56,10,10410,51.94961252,1.92956
30,99,3,56,10,10415,51.94961252,1.92956
30,99,3,56,10,10420,51.94961252,1.92956
30,99,3,56,10,10425,51.94961252,1.92956
30,99,3,56,10,10430,51.94961252,1.92956
30,99,3,56,10,10435,51.94961252,1.92956
30,99,3,56,10,10440,51.94961252,1.92956
30,99,3,56,10.01,10445,51.94961252,1.92956
30,99,3,56,10.01,10450,51.94961252,1.92956
30,99,3,56,10,10455,51.94961252,1.92956
30,99,3,56,10,10460,51.94961252,1.92956
30,99,3,56,10,10465,51.94961252,1.92956
30,99,3,56,10,10470,51.94961252,1.92956
30,99,3,56,10,10475,51.94961252,1.92956
30,99,3,56,10,10480,51.94961252,1.92956
30,99,3,56,10,10485,51.94961252,1.92956
30,99,3,56,10,10490,51.94961252,1.92956
30,99,3,56,10,10495,51.94961252,1.92956
30,99,3,56,10,10500,51.94961252,1.92956
30,99,3,56,10,10505,51.94961252,1.92956
30,99,3,56,10,10510,51.94961252,1.92956
30,99,3,56,10,10515,51.94961252,1.92956
30,99,3,56,10,10520,51.94961252,1.92956
30,99,3,56,10,10525,51.94961252,1.92956
30,99,3,56,10,10530,51.95606251,1.92956
30,99,3,56,10,10535,51.95606251,1.92956
30,99,3,56,10,10540,51.95606251,1.92956
30,99,3,56,10,10545,51.95606251,1.92956
30,99,3,56,10,10550,51.95606251,1.92956
30,99,3,56,10,10555,51.95606251,1.92956
30,99,3,56,10,10560,51.95606251,1.92956
30,99,3,56,10,10565,51.95606251,1.92956
30,99,3,56,10,10570,51.96179583,1.92956
30,99,3,56,10,10575,51.96824581,1.92956
30,99,3,56,10,10580,51.98042912,1.92956
30,99,3,56,10,10585,51.99906241,1.92956
30,99,3,56,10,10590,52.0176957,1.92956
30,99,3,56,10,10595,52.02199569,1.92956
30,99,3,56,10,10600,52.02916234,1.92956
30,99,3,56,10,10605,52.03919565,1.92956
30,99,3,56,10,10610,52.05567894,1.92956
30,99,3,56,10,10615,52.06929558,1.92956
30,99,3,56,10,10620,52.0893622,1.92956
30,99,3,56,10,10625,52.0893622,1.92956
30,99,3,56,10,10630,52.0893622,1.92956
30,99,3,56,10,10635,52.09151219,1.92956
30,99,3,56,10,10640,52.09151219,1.92956
30,99,3,56,10,10645,52.09151219,1.92956
30,99,3,56,10,10650,52.09151219,1.92956
30,99,3,56,10,10655,52.09652885,1.92956
30,99,3,56,10,10660,52.10441216,1.92956
30,99,3,56,10,10665,52.10656216,1.92956
30,99,3,56,10,10670,52.11157881,1.92956
30,99,3,56,10,10675,52.11659547,1.92956
30,99,3,56,10,10680,52.11659547,1.92956
30,99,3,56,10,10685,52.11659547,1.92956
30,99,3,56,10,10690,52.11659547,1.92956
30,99,3,56,10,10695,52.11659547,1.92956
30,99,3,56,10,10700,52.11659547,1.92956
30,99,3,56,10,10705,52.11659547,1.92956
30,99,3,56,10,10710,52.11659547,1.92956
30,99,3,56,10,10715,52.11659547,1.92956
30,99,3,56,10,10720,52.1180288,1.92956
30,99,3,56,10,10725,52.11946213,1.92956
30,99,3,56,10,10730,52.11946213,1.92956
30,99,3,56,10,10735,52.12089546,1.92956
30,99,3,56,10,10740,52.12591211,1.92956
30,99,3,56,10,10745,52.13379543,1.92956
30,99,3,56,10,10750,52.13881208,1.92956
30,99,3,56,10,10755,52.14096208,1.92956
30,99,3,56,10,10760,52.14597873,1.92956
30,99,3,56,10,10765,52.14597873,1.92956
30,99,3,56,10,10770,52.15457871,1.92956
30,99,3,56,10,10775,52.15672871,1.92956
30,99,3,56,10,10780,52.16246203,1.92956
30,99,3,56,10,10785,52.16532869,1.92956
30,99,3,56,10,10790,52.16819535,1.92956
30,99,3,56,10,10795,52.16819535,1.92956
30,99,3,56,10,10800,52.16819535,1.92956
30,99,3,56,10,10805,52.16819535,1.92956
30,99,3,56,10,10810,52.16819535,1.92956
30,99,3,56,10,10815,52.16819535,1.92956
30,99,3,56,10,10820,52.16819535,1.92956
30,99,3,56,10,10825,52.16819535,1.92956
30,99,3,56,10,10830,52.16819535,1.92956
30,99,3,56,10,10835,52.16819535,1.92956
30,99,3,56,10,10840,52.17106201,1.92956
30,99,3,56,10,10845,52.17106201,1.92956
30,99,3,56,10,10850,52.17106201,1.92956
30,99,3,56,10,10855,52.17106201,1.92956
30,99,3,56,10,10860,52.17106201,1.92956
30,99,3,56,10,10865,52.17106201,1.92956
30,99,3,56,10,10870,52.17392867,1.92956
30,99,3,56,10,10875,52.17392867,1.92956
30,99,3,56,10,10880,52.17392867,1.92956
30,99,3,56,10,10885,52.17392867,1.92956
30,99,3,56,10,10890,52.17392867,1.92956
30,99,3,56,10,10895,52.17607866,1.92956
30,99,3,56,10,10900,52.18467864,1.92956
30,99,3,56,10,10905,52.18467864,1.92956
30,99,3,56,10,10910,52.19041196,1.92956
30,99,3,56,10,10915,52.19614528,1.92956
30,99,3,56,10,10920,52.20474526,1.92956
30,99,3,56,10,10925,52.20474526,1.92956
30,99,3,56,10,10930,52.21047858,1.92956
30,99,3,56,10,10935,52.21047858,1.92956
30,99,3,56,10,10940,52.21047858,1.92956
30,99,3,56,10,10945,52.21047858,1.92956
30,99,3,56,10,10950,52.21047858,1.92956
30,99,3,56,10,10955,52.21047858,1.92956
30,99,3,56,10,10960,52.21047858,1.92956
30,99,3,56,10,10965,52.21047858,1.92956
30,99,3,56,10,10970,52.21047858,1.92956
30,99,3,56,10,10975,52.21047858,1.92956
30,99,3,56,10,10980,52.21047858,1.92956
30,99,3,56,10,10985,52.21047858,1.92956
30,99,3,56,10,10990,52.21334524,1.92956
30,99,3,56,10,10995,52.21334524,1.92956
30,99,3,56,10,11000,52.21334524,1.92956
30,99,3,56,10,11005,52.21334524,1.92956
30,99,3,56,10,11010,52.21334524,1.92956
30,99,3,56,10,11015,52.2162119,1.92956
30,99,3,56,10,11020,52.2162119,1.92956
30,99,3,56,10,11025,52.2162119,1.92956
30,99,3,56,10,11030,52.2162119,1.92956
30,99,3,56,10,11035,52.2162119,1.92956
30,99,3,56,10,11040,52.2162119,1.92956
30,99,3,56,10,11045,52.2162119,1.92956
30,99,3,56,10,11050,52.2162119,1.92956
30,99,3,56,10,11055,52.2162119,1.92956
30,99,3,56,10,11060,52.2162119,1.92956
30,99,3,56,10,11065,52.2162119,1.92956
30,99,3,56,10,11070,52.2162119,1.92956
30,99,3,56,10,11075,52.2162119,1.92956
30,99,3,56,10,11080,52.2162119,1.92956
30,99,3,56,10,11085,52.2162119,1.92956
30,99,3,56,10,11090,52.2162119,1.92956
30,99,3,56,10,11095,52.2162119,1.92956
30,99,3,56,10,11100,52.2162119,1.92956
30,99,3,56,10,11105,52.2162119,1.92956
30,99,3,56,10,11110,52.2162119,1.92956
30,99,3,56,10,11115,52.2162119,1.92956
30,99,3,56,10,11120,52.2183619,1.92956
30,99,3,56,10,11125,52.2183619,1.92956
30,99,3,56,10,11130,52.2183619,1.92956
30,99,3,56,10,11135,52.2183619,1.92956
30,99,3,56,10,11140,52.22051189,1.92956
30,99,3,56,10,11145,52.22051189,1.92956
30,99,3,56,10,11150,52.22552855,1.92956
30,99,3,56,10,11155,52.22552855,1.92956
30,99,3,56,10,11160,52.23341186,1.92956
30,99,3,56,10,11165,52.23556186,1.92956
30,99,3,56,10,11170,52.23556186,1.92956
30,99,3,56,10,11175,52.24057851,1.92956
30,99,3,56,10,11180,52.24057851,1.92956
30,99,3,56,10,11185,52.24846183,1.92956
30,99,3,56,10,11190,52.25706181,1.92956
30,99,3,56,10,11195,52.26279513,1.92956
30,99,3,56,10,11200,52.26279513,1.92956
30,99,3,56,10,11205,52.26279513,1.92956
30,99,3,56,10,11210,52.26279513,1.92956
30,99,3,56,10,11215,52.26279513,1.92956
30,99,3,56,10,11220,52.26279513,1.92956
30,99,3,56,10,11225,52.26279513,1.92956
30,99,3,56,10,11230,52.26279513,1.92956
30,99,3,56,10,11235,52.26279513,1.92956
30,99,3,56,10,11240,52.26279513,1.92956
30,99,3,56,10,11245,52.26279513,1.92956
30,99,3,56,10,11250,52.26279513,1.92956
30,99,3,56,10,11255,52.26279513,1.92956
30,99,3,56,10,11260,52.26279513,1.92956
30,99,3,56,10,11265,52.26279513,1.92956
30,99,3,56,10,11270,52.26422846,1.92956
30,99,3,56,10,11275,52.26637845,1.92956
30,99,3,56,10,11280,52.27712843,1.92956
30,99,3,56,10,11285,52.27712843,1.92956
30,99,3,56,10,11290,52.27712843,1.92956
30,99,3,56,10,11295,52.27712843,1.92956
30,99,3,56,10,11300,52.27712843,1.92956
30,99,3,56,10,11305,52.27712843,1.92956
30,99,3,56,10,11310,52.27712843,1.92956
30,99,3,56,10,11315,52.27712843,1.92956
30,99,3,56,10,11320,52.27712843,1.92956
30,99,3,56,10,11325,52.27712843,1.92956
30,99,3,56,10,11330,52.27712843,1.92956
30,99,3,56,10,11335,52.27856176,1.92956
30,99,3,56,10,11340,52.27856176,1.92956
30,99,3,56,10,11345,52.27856176,1.92956
30,99,3,56,10,11350,52.27856176,1.92956
30,99,3,56,10,11355,52.27856176,1.92956
30,99,3,56,10,11360,52.27856176,1.92956
30,99,3,56,10,11365,52.27856176,1.92956
30,99,3,56,10,11370,52.28572841,1.92956
30,99,3,56,10,11375,52.28716174,1.92956
30,99,3,56,10,11380,52.28716174,1.92956
30,99,3,56,10,11385,52.28716174,1.92956
30,99,3,56,10,11390,52.28716174,1.92956
30,99,3,56,10,11395,52.28716174,1.92956
30,99,3,56,10,11400,52.28716174,1.92956
30,99,3,56,10,11405,52.28716174,1.92956
30,99,3,56,10,11410,52.28716174,1.92956
30,99,3,56,10,11415,52.28716174,1.92956
30,99,3,56,10,11420,52.28716174,1.92956
30,99,3,56,10,11425,52.28716174,1.92956
30,99,3,56,10,11430,52.28716174,1.92956
30,99,3,56,10,11435,52.30077837,1.92956
30,99,3,56,10,11440,52.31152835,1.92956
30,99,3,56,10,11445,52.32514498,1.92956
30,99,3,56,10,11450,52.33876162,1.92956
30,99,3,56,10,11455,52.35022826,1.92956
30,99,3,56,10,11460,52.36742822,1.92956
30,99,3,56,10,11465,52.36742822,1.92956
30,99,3,56,10,11470,52.37316154,1.92956
30,99,3,56,10,11475,52.38462818,1.92956
30,99,3,56,10,11480,52.38462818,1.92956
30,99,3,56,10,11485,52.38462818,1.92956
30,99,3,56,10,11490,52.38749484,1.92956
30,99,3,56,10,11495,52.38749484,1.92956
30,99,3,56,10,11500,52.39681148,1.92956
30,99,3,56,10,11505,52.39681148,1.92956
30,99,3,56,10,11510,52.39681148,1.92956
30,99,3,56,10,11515,52.39681148,1.92956
30,99,3,56,10,11520,52.39967814,1.92956
30,99,3,56,10,11525,52.39967814,1.92956
30,99,3,56,10,11530,52.39967814,1.92956
30,99,3,56,10,11535,52.39967814,1.92956
30,99,3,56,10,11540,52.39967814,1.92956
30,99,3,56,10,11545,52.40612813,1.92956
30,99,3,56,10,11550,52.42117809,1.92956
30,99,3,56,10,11555,52.43049474,1.92956
30,99,3,56,10,11560,52.43049474,1.92956
30,99,3,56,10,11565,52.44626137,1.92956
30,99,3,56,10,11570,52.462028,1.92956
30,99,3,56,10,11575,52.47779463,1.92956
30,99,3,56,10,11580,52.48496128,1.92956
30,99,3,56,10,11585,52.48496128,1.92956
30,99,3,56,10,11590,52.48567794,1.92956
30,99,3,56,10,11595,52.48997793,1.92956
30,99,3,56,10,11600,52.48997793,1.92956
30,99,3,56,10,11605,52.48997793,1.92956
30,99,3,56,10,11610,52.49427792,1.92956
30,99,3,56,10,11615,52.49427792,1.92956
30,99,3,56,10,11620,52.49427792,1.92956
30,99,3,56,10,11625,52.49427792,1.92956
30,99,3,56,10,11630,52.49427792,1.92956
30,99,3,56,10,11635,52.49427792,1.92956
30,99,3,56,10,11640,52.49427792,1.92956
30,99,3,56,10,11645,52.49427792,1.92956
30,99,3,56,10,11650,52.49427792,1.92956
30,99,3,56,10,11655,52.49427792,1.92956
30,99,3,56,10,11660,52.49427792,1.92956
30,99,3,56,10,11665,52.49427792,1.92956
30,99,3,56,10,11670,52.49427792,1.92956
30,99,3,56,10,11675,52.49427792,1.92956
30,99,3,56,10,11680,52.49427792,1.92956
30,99,3,56,10,11685,52.49427792,1.92956
30,99,3,56,10,11690,52.49427792,1.92956
30,99,3,56,10,11695,52.49427792,1.92956
30,99,3,56,10,11700,52.49427792,1.92956
30,99,3,56,10,11705,52.49427792,1.92956
30,99,3,56,10,11710,52.49642792,1.92956
30,99,3,56,10,11715,52.49857791,1.92956
30,99,3,56,10,11720,52.49857791,1.92956
30,99,3,56,10,11725,52.50072791,1.92956
30,99,3,56,10,11730,52.50932789,1.92956
30,99,3,56,10,11735,52.50932789,1.92956
30,99,3,56,10,11740,52.50932789,1.92956
